question,answer
"If the set $A = \{x \in \mathbb{R} \mid ax^2 + ax + 1 = 0\}$ contains exactly one element, then $a =$",0 \text{ or } 4
"Given sets $A = \{1, 2\}$ and $B = \{a, a^2 + 3\}$. If $A \cap B = \{1\}$, then the value of the real number $a$ is",-2
"Let the universal set $U = \{1, 2, 3, 4, 5\}$. If set $M$ satisfies $\complement_U M = \{1, 3\}$, then $M =$","$\{2, 4, 5\}$"
"Given sets $A = \{1, 2, 3, 5, 7, 11\}$ and $B = \{x \mid 3 < x < 15\}$, then the number of elements in $A \cap B$ is",3
"Given sets $A = \{(x, y) \mid x, y \in \mathbb{N}^*, y \geqslant x\}$ and $B = \{(x, y) \mid x + y = 8\}$, then the number of elements in $A \cap B$ is",4
"Given set $A = \{(x, y) \mid x^2 + y^2 \leqslant 3, x \in \mathbb{Z}, y \in \mathbb{Z}\}$, then the number of elements in $A$ is",9
"Given sets $A = \{(x, y) \mid x^2 + y^2 = 1\}$ and $B = \{(x, y) \mid y = x\}$, then the number of elements in $A \cap B$ is",2
"Given sets $A = \{1, 2, 3, 4\}$ and $B = \{2, 4, 6, 8\}$, then the number of elements in $A \cap B$ is",2
"Given sets $A = \{x \mid x = 3n + 2, n \in \mathbb{N}\}$ and $B = \{6, 8, 10, 12, 14\}$, then the number of elements in $A \cap B$ is",2
"Given sets $A = \{1, 2, 3\}$ and $B = \{2, 3\}$, then",$B \subseteq A$
"Given sets $A = \{x \mid x^2 - 2x > 0\}$ and $B = \{x \mid -\sqrt{5} < x < \sqrt{5}\}$, then","A \cup B = (-\infty, \sqrt{5}) \cup (2, \infty)"
"Given sets $A = \{x \mid x^2 - 3x + 2 = 0, x \in \mathbb{R}\}$ and $B = \{x \mid 0 < x < 5, x \in \mathbb{N}\}$, then the number of sets $C$ satisfying $A \subseteq C \subseteq B$ is",4
"Let sets $M = \{1, 3, 5, 7, 9\}$ and $N = \{x \mid 2x > 7\}$, then $M \cap N =$","\{5, 7, 9\}"
"Let sets $A = \{x \mid -2 < x < 4\}$ and $B = \{2, 3, 4, 5\}$, then $A \cap B =$","\{2, 3\}"
"Let sets $M = \{x \mid 0 < x < 4\}$ and $N = \{x \mid \frac{1}{3} \leqslant x \leqslant 5\}$, then $M \cap N =$",\{x \mid \frac{1}{3} \leqslant x < 4\}
"Let sets $A = \{2, 3, 5, 7\}$ and $B = \{1, 2, 3, 5, 8\}$, then $A \cap B =$","\{2, 3, 5\}"
"Given sets $A = \{x \mid x - 1 \geqslant 0\}$ and $B = \{0, 1, 2\}$, then $A \cap B =$","\{1, 2\}"
"Given sets $A = \{1, 2, 3\}$ and $B = \{2, 3, 4\}$, then $A \cup B =$","\{1, 2, 3, 4\}"
"Given sets $A = \{1, 2, 3\}$ and $B = \{x \mid (x + 1)(x - 2) < 0, x \in \mathbb{Z}\}$, then $A \cup B =$","\{0, 1, 2, 3\}"
"Given sets $A = \{1, 2, 3\}$ and $B = \{x \mid x^2 < 9\}$, then $A \cap B =$","\{1, 2\}"
"Given sets $A = \{1, 3, 5, 7\}$ and $B = \{x \mid 2 \leqslant x \leqslant 5\}$, then $A \cap B =$","\{3, 5\}"
"Given sets $A = \{0, 2, 4, 6, 8, 10\}$ and $B = \{4, 8\}$, then $\complement_A B =$","\{0, 2, 6, 10\}"
"Given sets $A = \{-2, -1, 0, 1, 2\}$ and $B = \{x \mid (x - 1)(x + 2) < 0\}$, then $A \cap B =$",\{-1\}
"Given sets $A = \{x \mid -1 < x < 2\}$ and $B = \{x \mid 0 < x < 3\}$, then $A \cup B =$","(-1, 3)"
"Given sets $A = \{-2, -1, 0, 1, 2\}$ and $B = \{x \mid 0 \leqslant x \leqslant \frac{5}{2}\}$, then $A \cap B =$","\{0, 1, 2\}"
"Given sets $M = \{x \mid \sqrt{x} < 4\}$ and $N = \{x \mid 3x \geqslant 1\}$, then $M \cap N =$",\{x \mid \frac{1}{3} \leqslant x < 16\}
"Given sets $A = \{-1, 1, 2, 4\}$ and $B = \{x \mid |x - 1| \leqslant 1\}$, then $A \cap B =$","\{1, 2\}"
"Given the universal set $U = \{1, 2, 3, 4, 5\}$, and sets $M = \{1, 2\}$, $N = \{3, 4\}$, then $\complement_U (M \cup N) =$",\{5\}
"Given sets $S = \{s \mid s = 2n + 1, n \in \mathbb{Z}\}$ and $T = \{t \mid t = 4n + 1, n \in \mathbb{Z}\}$, then $S \cap T =$","\{t \mid t = 4n + 1, n \in \mathbb{Z}\}"
"Given the universal set $U = \{1, 2, 3, 4, 5, 6\}$, and sets $A = \{1, 3, 6\}$, $B = \{2, 3, 4\}$, then $A \cap (\complement_U B) =$","\{1, 6\}"
"Given set $A = \{x \mid x^2 - 3x - 4 < 0\}$ and $B = \{-4, 1, 3, 5\}$, then $A \cap B =$","\{1, 3\}"
"Given set $A = \{x \mid x^2 - 4 \leqslant 0\}$ and $B = \{x \mid 2x + a \leqslant 0\}$, and $A \cap B = \{x \mid -2 \leqslant x \leqslant 1\}$, then $a =$",-2
"Given set $A = \{x \mid |x| < 3, x \in \mathbb{Z}\}$ and $B = \{x \mid |x| > 1, x \in \mathbb{Z}\}$, then $A \cap B =$","\{-2, 2\}"
"Given the universal set $U = \{-2, -1, 0, 1, 2, 3\}$, and sets $A = \{-1, 0, 1\}$, $B = \{1, 2\}$, then $\complement_U (A \cup B) =$","\{-2, 3\}"
"Given set $A = \{x \mid 1 \leqslant x \leqslant 3\}$ and $B = \{x \mid 2 < x < 4\}$, then $A \cup B =$",\{x \mid 1 \leqslant x < 4\}
"Given the universal set $U = \{-3, -2, -1, 0, 1, 2, 3\}$, and sets $A = \{-1, 0, 1, 2\}$, $B = \{-3, 0, 2, 3\}$, then $A \cap (\complement_U B) =$","\{-1, 1\}"
"Given set $M = \{x \mid -4 < x < 2\}$ and $N = \{x \mid x^2 - x - 6 < 0\}$, then $M \cap N =$",\{x \mid -2 < x < 2\}
"Given the universal set $U = \{1, 2, 3, 4, 5, 6, 7\}$, and sets $A = \{2, 3, 4, 5\}$, $B = \{2, 3, 6, 7\}$, then $B \cap \complement_U A =$","\{6, 7\}"
"Given set $A = \{x \mid x^2 - 5x + 6 > 0\}$ and $B = \{x \mid x < 1\}$, then $A \cap B =$",\{x \mid x < 1\}
"Given set $A = \{x \mid x > -1\}$ and $B = \{x \mid x < 2\}$, then $A \cap B =$","(-1, 2)"
"Given set $A = \{-1, 0, 1, 2\}$ and $B = \{x \mid x^2 \leqslant 1\}$, then $A \cap B =$","\{-1, 0, 1\}"
"Given set $A = \{x \mid x^2 - x - 2 > 0\}$, then $\complement_R A =$",$\{x \mid -1 \leqslant x \leqslant 2\}$
"Given set $A = \{x \mid x < 1\}$ and $B = \{x \mid 3^x < 1\}$, then $A \cap B =$",\{x \mid x < 0\}
"Given set $A = \{x \mid x < 2\}$ and $B = \{x \mid 3 - 2x > 0\}$, then $A \cap B =$",\{x \mid x < \frac{3}{2}\}
"Given set $S = \{x \mid (x - 2)(x - 3) \geqslant 0\}$ and $T = \{x \mid x > 0\}$, then $S \cap T =$","(0, 2] \cup [3, +\infty)"
"Given set $A = \{1, 2, 4\}$ and $B = \{x \mid x^2 - 4x + m = 0\}$. If $A \cap B = \{1\}$, then $B =$","\{1, 3\}"
"Given set $P = \{x \mid x^2 \leqslant 1\}$ and $M = \{a\}$. If $P \cup M = P$, then the range of the real number $a$ is","[-1, 1]"
"Known sets $A = \{(x, y) \mid x^2 + y^2 \leqslant 1, x, y \in \mathbb{Z}\}$ and $B = \{(x, y) \mid |x| \leqslant 2, |y| \leqslant 2, x, y \in \mathbb{Z}\}$. Define the set $A \oplus B = \{(x_1 + x_2, y_1 + y_2) \mid (x_1, y_1) \in A, (x_2, y_2) \in B\}$. The number of elements in $A \oplus B$ is",45
"Given the following four propositions: $p_1$: If a complex number $z$ satisfies $\frac{1}{z} \in \mathbb{R}$, then $z \in \mathbb{R}$; $p_2$: If a complex number $z$ satisfies $z^2 \in \mathbb{R}$, then $z \in \mathbb{R}$; $p_3$: If complex numbers $z_1, z_2$ satisfy $z_1 z_2 \in \mathbb{R}$, then $z_1 = \bar{z}_2$; $p_4$: If a complex number $z \in \mathbb{R}$, then $\bar{z} \in \mathbb{R}$. The true propositions among these are","$p_1, p_4$"
"Given proposition $p: \exists x \in \mathbf{R}, \sin x < 1$; proposition $q: \forall x \in \mathbf{R}, e^{|x|} \geqslant 1$. The true proposition among the following is",$p \wedge q$
"Given proposition $p: \forall x > 0, \ln(x + 1) > 0$ and proposition $q: \text{If } a > b, \text{ then } a^2 > b^2$. The true proposition among the following is",$p \wedge \neg q$
"Let $x \in \mathbb{R}$, then ""$\sin x = 1$"" is a ________ condition for ""$\cos x = 0$""",Sufficient but not necessary
"Let $\{a_n\}$ be an infinite arithmetic sequence with a non-zero common difference. Then ""$\{a_n\}$ is an increasing sequence"" is a ________ condition for ""there exists a positive integer $N_0$ such that $a_n > 0$ whenever $n > N_0$.""",Necessary but not sufficient
"Given $a \in \mathbb{R}$, then ""$a > 6$"" is a ________ condition for ""$a^2 > 36$.""",Sufficient but not necessary
"Given non-zero vectors $\vec{a}, \vec{b}, \vec{c}$, then ""$\vec{a} \cdot \vec{c} = \vec{b} \cdot \vec{c}$"" is a ________ condition for ""$\vec{a} = \vec{b}$.""",Necessary but not sufficient
"Given three lines $m, n, l$ in space that do not pass through the same point, then ""$m, n, l$ are in the same plane"" is a ________ condition for ""$m, n, l$ intersect each other in pairs.""",Necessary but not sufficient
"Given $a \in \mathbb{R}$, then ""$a > 1$"" is a ________ condition for ""$a^2 > a$.""",Sufficient but not necessary
"Given function $f(x) = x^3$, then its inverse function is",$f^{-1}(x) = \sqrt[3]{x}$
"Given that the graph of function $f(x) = ax^3 - 2x$ passes through the point $(-1, 4)$, then $a =$",-2
"Given function $f(x) = x^3 + ax^2 + bx + c$, and $0 \leqslant f(-1) = f(-2) = f(-3) \leqslant 3$, then the range of $c$ is",$6 \leqslant c \leqslant 9$
"Given functions $f(x) = 5^{|x|}$ and $g(x) = ax^2 - x \ (a \in \mathbb{R})$. If $f[g(1)] = 1$, then $a =$",1
"Given $f(x) = \frac{x}{1+x}, x \geqslant 0$. If $f_1(x) = f(x)$ and $f_{n+1}(x) = f(f_n(x)), n \in \mathbb{N}_+$, then the expression for $f_{2014}(x)$ is",\frac{x}{1 + 2014x}
The domain of the function $f(x) = \frac{1}{x} + \sqrt{1-x}$ is,"(-\infty, 0) \cup (0, 1]"
The domain of the function $f(x) = \frac{1}{x+1} + \ln x$ is,"(0, +\infty)"
The domain of the function $y = \sqrt{7 + 6x - x^2}$ is,"[-1, 7]"
The domain of the function $f(x) = \frac{1}{\sqrt{(\log_2 x)^2 - 1}}$ is,"$(0, \frac{1}{2}) \cup (2, +\infty)$"
"Given the function $f(x) = \begin{cases} 2^{x-1} - 2, & x \leqslant 1 \\ -\log_2(x+1), & x > 1 \end{cases}$. If $f(a) = -3$, then $f(6-a) =$",-\frac{7}{4}
"Given the function $f(x) = \begin{cases} 1 + \log_2(2-x), & x < 1 \\ 2^{x-1}, & x \geqslant 1 \end{cases}$, then $f(-2) + f(\log_2 12) =$",9
"Given the function $f(x) = \begin{cases} x+1, & x \leqslant 0 \\ 2^x, & x > 0 \end{cases}$, the range of $x$ satisfying $f(x) + f(x-\frac{1}{2}) > 1$ is","(-\frac{1}{4}, +\infty)"
"Given the function $f(x) = \begin{cases} e^{x-1}, & x < 1 \\ x^{\frac{1}{3}}, & x \geqslant 1 \end{cases}$, the range of $x$ satisfying $f(x) \leqslant 2$ is","(-\infty, 8]"
"Given the function $f(x) = \begin{cases} -x^2 + 2, & x \leqslant 1 \\ x + \frac{1}{x} - 1, & x > 1 \end{cases}$, then $f(f(\frac{1}{2})) =$ ________; if $x \in [a, b]$, and $1 \leqslant f(x) \leqslant 3$, then the maximum value of $b - a$ is ________.","\frac{37}{28}, 3 + \sqrt{3}"
"Given $a \in \mathbb{R}$, and the function $f(x) = \begin{cases} x^2 - 4, & x > 2 \\ |x - 3| + a, & x \leqslant 2 \end{cases}$. If $f(f(\sqrt{6})) = 3$, then $a =$ ________.",2
"Given the function $f(x) = \begin{cases} -x^2 + 2x, & x \leqslant 0 \\ \ln(x + 1), & x > 0 \end{cases}$. If $|f(x)| \geqslant ax$, then the range of the real number $a$ is","[-2, 0]"
"Among the following functions, the one with a minimum value of 4 is",y = 2^x + 2^{2-x}
"If the maximum value of function $f(x) = x^2 + ax + b$ on the interval $[0, 1]$ is $M$ and the minimum value is $m$, then $M - m$","Depends on $a$, but is independent of $b$"
"Given $a \in \mathbb{R}$, and the maximum value of the function $f(x) = \left|x + \frac{4}{x} - a\right| + a$ on the interval $[1, 4]$ is 5, then the range of $a$ is","(-\infty, \frac{9}{2}]"
"Among the following functions, the one that is an increasing function is ________.",$f(x) = \sqrt[3]{x}$
"Known that the function $f(x) = \lg(x^2 - 4x - 5)$ is monotonically increasing on the interval $(a, +\infty)$, then the range of the real number $a$ is","[5, +\infty)"
"Let the function $f(x) = e^x + ae^{-x}$ ($a$ is a constant). If $f(x)$ is an odd function, then $a =$ ________; if $f(x)$ is an increasing function on $\mathbb{R}$, then the range of $a$ is","-1, (-\infty, 0]"
"If the function $e^x f(x)$ ($e = 2.71828 \dots$ is the base of natural logarithms) is monotonically increasing on the domain of $f(x)$, then the function $f(x)$ is said to have the $M$-property. Among the following functions, those having the $M$-property are","f(x) = 2^{-x}, f(x) = x^2 + 2"
"If $f(x) = \ln\left|a + \frac{1}{1-x}\right| + b$ is an odd function, then $a =$ ________, $b =$ ________.","-\frac{1}{2}, \ln 2"
"Given function $f(x) = \frac{1-x}{1+x}$, the odd function among the following is",$f(-x) = -f(x)$
"Given that $f(x)$ is an odd function with domain $\mathbb{R}$, and $f(1+x) = f(-x)$. If $f\left(-\frac{1}{3}\right) = \frac{1}{3}$, then $f\left(\frac{5}{3}\right) =$",\frac{1}{3}
"Given function $f(x) = x^3(a \cdot 2^x - 2^{-x})$ is an even function, then $a =$",1
"Given function $f(x)$ with domain $\mathbb{R}$, such that $f(x+1)$ is an odd function and $f(x+2)$ is an even function. When $x \in [1, 2]$, $f(x) = ax^2 + b$. If $f(0) + f(3) = 6$, then $f\left(\frac{9}{2}\right) =$",\frac{5}{2}
"Given function $f(x) = \frac{1-x}{1+x}$, the odd function among the following is",$f(-x) = -f(x)$
"Given that the odd function $f(x)$ is defined on $\mathbb{R}$, is monotonically decreasing on the interval $(-\infty, 0)$, and satisfies $f(2) = 0$, the range of $x$ that satisfies $xf(x - 1) \geqslant 0$ is","[-1, 0] \cup [1, 3]"
"Given that $f(x)$ is an odd function, and when $x < 0$, $f(x) = -e^{ax}$. If $f(\ln 2) = 8$, then $a =$",-3
"Given that $f(x)$ is an odd function defined on $\mathbb{R}$ and is monotonically decreasing on $(-\infty, 0)$ with $f(2) = 0$, then $f(x)$ is also monotonically decreasing on $(0, +\infty)$. Because $f(x)$ is an odd function and $f(2) = 0$, it follows that $f(-2) = 0$ and $f(0) = 0$. The values of the function are $f(x) > 0$ when $x \in (-\infty, -2) \cup (0, 2)$ and $f(x) < 0$ when $x \in (-2, 0) \cup (2, +\infty)$. Solving the inequality $xf(x-1) \geqslant 0$, we find the range of $x$ is","[-1, 0] \cup [1, 3]"
"Given that $f(x)$ is an odd function, and for $x < 0$, $f(x) = -e^{ax}$. Since $f(x)$ is odd, $f(\ln 2) = -f(-\ln 2)$. Given $f(\ln 2) = 8$, we have $-e^{-a\ln 2} = -8$, which simplifies to $2^{-a} = 2^3$, so $a =$",-3
"Given that $f(x)$ is an odd function defined on $\mathbb{R}$, and for $x \in (-\infty, 0)$, $f(x) = 2x^3 + x^2$. To find $f(2)$, we use the odd property $f(2) = -f(-2)$. Calculating $f(-2) = 2(-2)^3 + (-2)^2 = -16 + 4 = -12$, thus $f(2) =$",12
"Given that $f(x) = x \ln(x + \sqrt{a + x^2})$ is an even function, by the definition of even functions $f(x) = f(-x)$, we have $x \ln(x + \sqrt{a + x^2}) = -x \ln(-x + \sqrt{a + x^2})$. This implies $\ln(x + \sqrt{a + x^2}) + \ln(\sqrt{a + x^2} - x) = 0$, which leads to $\ln(a + x^2 - x^2) = \ln a = 0$. Therefore $a =$",1
"Given that the even function $f(x)$ has a graph symmetric about the line $x = 2$, we have $f(x) = f(4 - x)$. Since $f(x)$ is even, $f(-1) = f(1)$. Using the symmetry about $x = 2$, $f(1) = f(4 - 1) = f(3)$. Given $f(3) = 3$, then $f(-1) =$",3
"Given that the even function $f(x)$ is monotonically decreasing on $[0, +\infty)$ and $f(2) = 0$. The inequality $f(x - 1) > 0$ is equivalent to $f(|x - 1|) > f(2)$. Due to the monotonicity on the positive axis, this implies $|x - 1| < 2$, which leads to $-2 < x - 1 < 2$. Thus, the range for $x$ is","(-1, 3)"
"Given $f(x) = \ln(\sqrt{1 + 9x^2} - 3x) + 1$, let $g(x) = \ln(\sqrt{1 + 9x^2} - 3x)$. Since $g(x) + g(-x) = \ln(1 + 9x^2 - 9x^2) = 0$, $g(x)$ is an odd function. Therefore, $f(x) + f(-x) = g(x) + 1 + g(-x) + 1 = 2$. Given that $\lg 2 + \lg \frac{1}{2} = 0$, then $f(\lg 2) + f(\lg \frac{1}{2}) =$",2
"Given that $f(x)$ is an odd function, and when $x > 0$, $f(x) = x^2 + \frac{1}{x}$, then $f(-1) =$",-2
"Given that $f(x)$ is an odd function and $g(x)$ is an even function, and $f(-1) + g(1) = 2$, $f(1) + g(-1) = 4$, then $g(1)$ equals",3
"Given function $f(x) = ax^3 + b\sin x + 4$ ($a, b \in \mathbb{R}$). If $f(\lg(\log_2 10)) = 5$, then $f(\lg(\lg 2)) =$",3
"Given that the domain of function $f(x)$ is $\mathbb{R}$, and $f(x + y) + f(x - y) = f(x)f(y)$, $f(1) = 1$, then $\sum_{k=1}^{22} f(k) =$",0
"Given function $f(x)$ with domain $\mathbb{R}$, such that $f(x + 1)$ is an odd function and $f(x + 2)$ is an even function. When $x \in [1, 2]$, $f(x) = ax^2 + b$. If $f(0) + f(3) = 6$, then $f\left(\frac{9}{2}\right) =$",\frac{5}{2}
"Given function $f(x)$ with domain $\mathbb{R}$, such that $f(x+2)$ is an even function and $f(2x+1)$ is an odd function. Then",$f(-1) = 0$
"Given $f(x)$ is an odd function defined on $(-\infty, +\infty)$ satisfying $f(1-x) = f(1+x)$. If $f(1) = 2$, then $f(1) + f(2) + f(3) + \dots + f(50) =$",0
"Given function $f(x)$ satisfies $f(x+4) = f(x)$ for all $x \in \mathbb{R}$. On the interval $(-2, 2]$, the function is defined as $f(x) = \begin{cases} \cos \frac{\pi x}{2}, & 0 < x \leqslant 2 \\ |x + \frac{1}{2}|, & -2 < x \leqslant 0 \end{cases}$. Then the value of $f(f(15)) =$",\frac{\sqrt{2}}{2}
"已知函数 $f(x)$ 的定义域为 $R$. 当 $x<0$ 时, $f(x)=x^3-1$ ; 当 $-1 \leqslant x \leqslant 1$ 时, $f(-x)=-f(x)$; 当 $x>\frac{1}{2}$ 时, $f\left(x+\frac{1}{2}\right)=f\left(x-\frac{1}{2}\right)$, 则 $f(6)=$",2
"偶函数 $y=f(x)$ 的图象关于直线 $x=2$ 对称, $f(3)=3$, 则 $f(-1)=$",3
"若函数 $f(x)=\left(1-x^{2}\right)\left(x^{2}+a x+b\right)$ 的图象关于直线 $x=-2$ 对称, 则 $f(x)$ 的最大值为",16
"已知函数 $f(x)=\frac{1}{1+2^{x}}$, 则对任意实数 $x$, 有",$f(-x)+f(x)=1$
"已知函数 $f(x),g(x)$ 的定义域均为 $R$, 且 $f(x)+g(2-x)=5, g(x)-f(x-4)=7$. 若 $y=g(x)$ 的图象关于直线 $x=2$ 对称, $g(2)=4$, 则 $\sum_{k=1}^{22}f(k)=$",$-24$
"写出一个同时具有下列性质①②③的函数 $f(x)$ : ①$f(x_1 x_2)=f(x_1)f(x_2)$; ②当 $x \in (0,+\infty)$ 时, $f'(x)>0$; ③$f'(x)$ 是奇函数.",$f(x)=x^4$
"已知 $a \in \mathbb{R}$, 设函数 $f(x)=\begin{cases}x^2-2ax+2a, & x \leqslant 1 \\ x-a\ln x, & x>1\end{cases}$, 若关于 $x$ 的不等式 $f(x) \geqslant 0$ 在 $\mathbb{R}$ 上恒成立, 则 $a$ 的取值范围为","$[0, \mathrm{e}]$"
"已知函数 $f(x)=\begin{cases}2\sqrt{x}, & 0 \leqslant x \leqslant 1 \\ \frac{1}{x}, & x>1\end{cases}$, 若关于 $x$ 的方程 $f(x)=-\frac{1}{4}x+a(a \in R)$ 恰有两个互异的实数解, 则 $a$ 的取值范围为","$\left(\frac{5}{4}, \frac{9}{4}\right) \cup \{1\}$"
"$f(x)=x^3-2x+\mathrm{e}^x-\frac{1}{\mathrm{e}^x}$, 其中 $\mathrm{e}$ 是自然对数的底数, 若 $f(a-1)+f(2a^2) \leqslant 0$, 则实数 $a$ 的取值范围是","$[-1, \frac{1}{2}]$"
"已知奇函数 $f(x)$ 在 $R$ 上是增函数, $g(x)=xf(x)$. 若 $a=g(-\log_2 5.1), b=g(2^{0.8}), c=g(3)$, 则 $a, b, c$ 的大小关系为",$a<b<c$
"函数 $f(x)$ 在 $(-\infty, +\infty)$ 单调递减, 且为奇函数. 若 $f(1) = -1$, 则满足 $-1 \leqslant f(x-2) \leqslant 1$ 的 $x$ 的取值范围是","$[1, 3]$"
"设函数 $f(x)=\ln(1+|x|)-\frac{1}{1+x^2}$, 则使得 $f(x)>f(2x-1)$ 成立的 $x$ 的取值范围是","$(\frac{1}{3}, 1)$"
"已知偶函数 $f(x)$ 在 $[0,+\infty)$ 单调递减, $f(2)=0$. 若 $f(x-1)>0$, 则 $x$ 的取值范围是","$(-1, 3)$"
"已知 $9^m=10,a=10^m-11,b=8^m-9$, 则大小关系是?",$a>0>b$
"已知 $2^a=5, \log_8 3=b$, 则 $4^{a-3b}=$",$\frac{25}{9}$
"已知函数 $f(x)=2^x-x-1$, 则不等式 $f(x)>0$ 的解集是","$(0, 1)$"
"已知 $x, y, z$ 为正数, 且 $2^x=3^y=5^z$, 则大小关系是?",$3y < 2x < 5z$
"设函数 $f(x)=\begin{cases}3x-1, & x < 1 \\ 2^x, & x \geqslant 1\end{cases}$, 则满足 $f(f(a))=2^{f(a)}$ 的 $a$ 的取值范围是","$\left[\frac{2}{3}, +\infty\right)$"
"设 $a=0.1\mathrm{e}^{0.1}, b=\frac{1}{9}, c=-\ln 0.9$，则大小关系是?",$c<a<b$
"已知 $a=\log_5 2, b=\log_8 3, c=\frac{1}{2}$, 则大小关系是?",$a<c<b$
"设 $a=\log_2 0.3, b=\log_{\frac{1}{2}} 0.4, c=0.4^{0.3}$, 则 $a, b, c$ 的大小关系为",$a<c<b$
"若 $2^a=5^b=10$, 则 $\frac{1}{a}+\frac{1}{b}=$",1
"设 $a \log_3 4=2$, 则 $4^{-a}=$",$\frac{1}{9}$
若 $2^a + \log_2 a = 4^b + 2\log_4 b$，则大小关系是?,$a < 2b$
"Logistic 模型是常用数学模型之一, 可应用于流行病学领域. 有学者根据公布数据建立了某地区新冠肺炎累计确诊病例数 $I(t)$($t$ 的单位:天) 的 Logistic 模型: $I(t)=\frac{K}{1+\mathrm{e}^{-0.23(t-53)}}$, 其中 $K$ 为最大确诊病例数. 当 $I(t^*)=0.95K$ 时, 标志着已初步遏制疫情, 则 $t^*$ 约为 $(\ln19 \approx 3)$",66
"设 $a=\log_3 2, b=\log_5 3, c=\frac{2}{3}$, 则",$a<c<b$
"已知 $5^5<8^4, 13^4<8^5$。设 $a=\log_5 3, b=\log_8 5, c=\log_{13} 8$，则",$a<b<c$
"设 $a=3^{0.7}, b=\left(\frac{1}{3}\right)^{-0.8}, c=\log_{0.7} 0.8$，则 $a, b, c$ 的大小关系为",$c<a<b$
"已知 $a=\log_5 2, b=\log_{0.5} 0.2, c=0.5^{0.2}$, 则 $a, b, c$ 的大小关系为",$a<c<b$
"设 $a=\log_{0.2} 0.3, b=\log_2 0.3$, 则",$ab < a+b < 0$
"下列函数中, 其图象与函数 $y=\ln x$ 的图象关于直线 $x=1$ 对称的是",$y=\ln(2-x)$
"已知函数 $f(x)=\log_2(x^2+a)$, 若 $f(3)=1$, 则 $a=$",$-7$
"已知函数 $f(x)=\ln(\sqrt{1+x^2}-x)+1, f(a)=4$, 则 $f(-a)=$",-2
"已知函数 $f(x)=\begin{cases}e^x, & x \leqslant 0 \\ \ln x, & x>0\end{cases}, g(x)=f(x)+x+a$. 若 $g(x)$ 存在 2 个零点, 则 $a$ 的取值范围是","$(-1, +\infty)$"
"已知 $a=\log_2 e, b=\ln 2, c=\log_{\frac{1}{2}} \frac{1}{3}$, 则 $a, b, c$ 的大小关系为",$c>a>b$
函数 $f(x)=\sqrt{\log_2 x - 1}$ 的定义域为,"$[2, +\infty)$"
函数 $f(x)=\ln(x^2-2x-8)$ 的单调递增区间是,"$(4, +\infty)$"
"根据有关资料,围棋状态空间复杂度的上限 $M$ 约为 $3^{361}$,而可观测宇宙中普通物质的原子总数 $N$ 约为 $10^{80}$. 则下列各数中与 $\frac{M}{N}$ 最接近的是 (参考数据: $\lg3 \approx 0.48$)",$10^{93}$
"下列函数中,其定义域和值域分别与函数 $y=10^{\lg x}$ 的定义域和值域相同的是",$y=\frac{1}{\sqrt{x}}$
"设函数 $f(x)=\begin{cases}1+\log_2(2-x), & x<1 \\ 2^{x-1}, & x \geqslant 1\end{cases}$, 则 $f(-2)+f(\log_2 12)=$",9
"设函数 $y=f(x)$ 的图象与 $y=2^{x+a}$ 的图象关于直线 $y=-x$ 对称,且 $f(-2)+f(-4)=1$, 则 $a=$",2
"已知 $y=f(x)$ 是奇函数,当 $x \geqslant 0$ 时, $f(x)=x^{\frac{2}{3}}$, 则 $f(-8)$ 的值是",-4
"若 $a>b>1, 0<c<1$, 则",$a \log_b c < b \log_a c$
"已知 $a=2^{\frac{4}{3}}, b=4^{\frac{2}{5}}, c=25^{\frac{1}{3}}$, 则",$b < a < c$
"若 $a>b>0, 0<c<1$, 则",$\log_c a < \log_c b$
"设函数 $f(x)=\begin{cases}e^{x-1}, & x<1 \\ x^{\frac{1}{3}}, & x \geqslant 1\end{cases}$, 则使得 $f(x) \leqslant 2$ 成立的 $x$ 的取值范围是","$(-\infty, 8]$"
"已知 $a \in \mathbb{R}$, 若存在定义域为 $\mathbb{R}$ 的函数 $f(x)$ 同时满足下列两个条件, ①对任意 $x_0 \in \mathbb{R}, f(x_0)$ 的值为 $x_0$ 或 $x_0^2$; ②关于 $x$ 的方程 $f(x)=a$ 无实数解; 则 $a$ 的取值范围为","$(-\infty, 0) \cup (0, 1) \cup (1, +\infty)$"
"已知函数 $f(x)=\begin{cases} x^3, & x \geqslant 0 \\ -x, & x < 0 \end{cases}$。若函数 $g(x)=f(x)-|kx^2-2x|(k \in \mathbf{R})$ 恰有 4 个零点, 则 $k$ 的取值范围是","$(-\infty, 0) \cup (2\sqrt{2}, +\infty)$"
"函数 $f(x)=2\sin x - \sin 2x$ 在 $[0, 2\pi]$ 的零点个数为",$3$
"设 $f(x),g(x)$ 是定义在 $\mathbb{R}$ 上的两个周期函数, $f(x)$ 的周期为 $4, g(x)$ 的周期为 $2$, 且 $f(x)$ 是奇函数. 当 $x \in (0,2]$ 时, $f(x)=\sqrt{1-(x-1)^2}, g(x)=\begin{cases}k(x+2), & 0<x \leqslant 1 \\ -\frac{1}{2}, & 1<x \leqslant 2\end{cases}$, 其中 $k>0$. 若在区间 $(0, 9]$ 上, 关于 $x$ 的方程 $f(x)=g(x)$ 有 $8$ 个不同的实数根, 则 $k$ 的取值范围是","$\left[\frac{1}{3}, \frac{1}{2\sqrt{2}}\right)$"
"已知 $a,b \in \mathbb{R}$, 函数 $f(x)=\begin{cases}x, & x<0 \\ \frac{1}{3}x^3-\frac{1}{2}(a+1)x^2+ax, & x \geqslant 0\end{cases}$, 若函数 $y=f(x)-ax-b$ 恰有 $3$ 个零点, 则","$a>-1, b<0$"
"函数 $f(x)=\cos\left(3x+\frac{\pi}{6}\right)$ 在 $[0,\pi]$ 的零点个数为",3
"若函数 $f(x)=2x^3-ax^2+1(a \in R)$ 在 $(0,+\infty)$ 内有且只有一个零点,则 $f(x)$ 在 $[-1,1]$ 上的最大值与最小值的和为",$-3$
"已知 $\lambda \in \mathbb{R}$, 函数 $f(x)=\begin{cases} x-4, & x \geqslant \lambda \\ x^2-4x+3, & x < \lambda \end{cases}$, 当 $\lambda=2$ 时, 不等式 $f(x)<0$ 的解集是 . 若函数 $f(x)$ 恰有 2 个零点, 则 $\lambda$ 的取值范围是 .","$(1,4); (1,3] \cup (4,+\infty)$"
"已知函数 $f(x)=\begin{cases}e^x, & x \leqslant 0 \\ \ln x, & x>0\end{cases}, g(x)=f(x)+x+a$. 若 $g(x)$ 存在 2 个零点, 则 $a$ 的取值范围是","$(-1, +\infty)$"
"已知函数 $f(x)=x^2-2x+a(e^{x-1}+e^{-x+1})$ 有唯一零点, 则 $a=$",$\frac{1}{2}$
"青少年视力是社会普遍关注的问题, 视力情况可借助视力表测量. 通常用五分记录法和小数记录法记录视力数据, 五分记录法的数据 $L$ 和小数记录表的数据 $V$ 的满足 $L=5+\lg V$. 已知某同学视力的五分记录法的数据为 $4.9$, 则其视力的小数记录法的数据为 $(\sqrt[10]{10} \approx 1.259)$",$0.8$
"设 $f(x)$ 是定义在 $\mathbb{R}$ 且周期为 1 的函数, 在区间 $[0, 1)$ 上, $f(x)=\begin{cases}x^2, & x \in D \\ x, & x \notin D\end{cases}$ 其中集合 $D=\{x \mid x=\frac{n-1}{n}, n \in \mathbb{N}^*\}$, 则方程 $f(x)-\lg x=0$ 的解的个数是",9
"设 $a \in \mathbf{R}$, 函数 $f(x)=\begin{cases}\cos(2\pi x-2\pi a), & x < a \\ x^2-2(a+1)x+a^2+5, & x \geqslant a\end{cases}$, 若 $f(x)$ 在区间 $(0, +\infty)$ 内恰有 6 个零点, 则 $a$ 的取值范围是","$\left(2, \frac{9}{4}\right] \cup \left(\frac{5}{2}, \frac{11}{4}\right]$"
"设函数 $f(x)$ 的定义域为 $\mathbb{R}$, 满足 $f(x+1)=2f(x)$, 且当 $x \in (0,1]$ 时, $f(x)=x(x-1)$. 若对任意 $x \in (-\infty, m]$, 都有 $f(x) \geqslant -\frac{8}{9}$, 则 $m$ 的取值范围是","$\left(-\infty, \frac{7}{3}\right]$"
"已知 $a>0$, 函数 $f(x)=\begin{cases} x^2+2ax+a, & x \leqslant 0 \\ -x^2+2ax-2a, & x>0 \end{cases}$. 若关于 $x$ 的方程 $f(x)=ax$ 恰有 2 个互异的实数解, 则 $a$ 的取值范围是","$(2, 4)$"
"已知函数 $f(x)=\begin{cases} x^2-x+3, & x \leqslant 1 \\ x+\frac{2}{x}, & x>1 \end{cases}$。设 $a \in \mathbb{R}$, 若关于 $x$ 的不等式 $f(x) \geqslant \left| \frac{x}{2} + a \right|$ 在 $\mathbb{R}$ 上恒成立, 则 $a$ 的取值范围是","$\left[-\frac{47}{16}, 2\right]$"
"已知当 $x \in [0,1]$ 时, 函数 $y=(mx-1)^2$ 的图象与 $y=\sqrt{x}+m$ 的图象有且只有一个交点, 则正实数 $m$ 的取值范围是","$[1,3]$"
"设 $f(x)$ 是定义在 $\mathbb{R}$ 且周期为 1 的函数, 在区间 $[0, 1)$ 上, $f(x)=\begin{cases}x^2, & x \in D \\ x, & x \notin D\end{cases}$ 其中集合 $D=\{x | x=\frac{n-1}{n}, n \in \mathbb{N}^*\}$, 则方程 $f(x)-\lg x=0$ 的解的个数是",9
"已知函数 $f(x)(x \in \mathbb{R})$ 满足 $f(x)=f(2-x)$, 若函数 $y=\left|x^2-2x-3\right|$ 与 $y=f(x)$ 图象的交点为 $(x_1, y_1), (x_2, y_2), \cdots, (x_m, y_m)$, 则 $\sum_{i=1}^m x_i=$",$2m$
"设函数 $f(x)=\ln(1+|x|)-\frac{1}{1+x^2}$, 则使得 $f(x)>f(2x-1)$ 成立的 $x$ 的取值范围是","$\left(\frac{1}{3}, 1\right)$"
"已知函数 $f(x) = \begin{cases} -x^2+2x, & x \leqslant 0 \\ \ln(x+1), & x > 0 \end{cases}$, 若 $|f(x)| \geqslant ax$, 则 $a$ 的取值范围是","$[-2, 0]$"
"若存在正数 $x$ 使 $2^x(x-a) < 1$ 成立, 则 $a$ 的取值范围是","$(-1, +\infty)$"
"若曲线 $y=(x+a)e^x$ 有两条过坐标原点的切线, 则 $a$ 的取值范围是","$(-\infty, -4) \cup (0, +\infty)$"
写出曲线 $y = \ln|x|$ 过坐标原点的切线方程:,"$y = x, y = -x$"
"当 $x=1$ 时, 函数 $f(x) = a\ln x + \frac{b}{x}$ 取得最大值 $-2$, 则 $f'(2)=$",$-\frac{1}{2}$
"已知函数 $f(x) = |e^x - 1|, x_1 < 0, x_2 > 0$, 函数 $f(x)$ 的图象在点 $A(x_1, f(x_1))$ 和点 $B(x_2, f(x_2))$ 的两条切线互相垂直, 且分别交 $y$ 轴于 $M, N$ 两点, 则 $\frac{|AM|}{|BN|}$ 取值范围是","$(0, 1)$"
"曲线 $y = \frac{2x-1}{x+2}$ 在点 $(-1, -3)$ 处的切线方程为",$5x - y + 2 = 0$
"若过点 $(a, b)$ 可以作曲线 $y = e^x$ 的两条切线, 则",$0 < b < e^a$
"函数 $f(x)=x^4-2x^3$ 的图象在点 $(1, f(1))$ 处的切线方程为",$y = -2x + 1$
"设函数 $f(x) = \frac{\mathrm{e}^x}{x+a}$, 若 $f'(1) = \frac{\mathrm{e}}{4}$, 则 $a =$",3
"曲线 $y = \ln x + x + 1$ 的一条切线的斜率为 $2$, 则该切线的方程为",$y = 2x$
"曲线 $y = 3(x^2 + x)\mathrm{e}^x$ 在点 $(0, 0)$ 处的切线方程为",$y = 3x$
"曲线 $y=2\sin x + \cos x$ 在点 $(\pi, -1)$ 处的切线方程为",$2x+y-2\pi+1=0$
"曲线 $y=(ax+1)e^x$ 在点 $(0,1)$ 处的切线的斜率为 $-2$, 则 $a=$",$-3$
"曲线 $y = 2\ln(x+1)$ 在点 $(0,0)$ 处的切线方程为",$y = 2x$
"曲线 $y = 2\ln x$ 在点 $(1,0)$ 处的切线方程为",$y = 2x - 2$
"已知函数 $f(x) = x^3 + (a-1)x^2 + ax$, 若 $f(x)$ 为奇函数, 则曲线 $y = f(x)$ 在点 $(0,0)$ 处的切线方程为",$y = x$
"已知 $f(x)$ 为偶函数，当 $x<0$ 时，$f(x)=\ln(-x)+3x$，则曲线 $y=f(x)$ 在点 $(1,-3)$ 处的切线方程为",$y=-2x-1$
"已知 $f(x)$ 为偶函数，当 $x \leqslant 0$ 时，$f(x)=\mathrm{e}^{-x-1}-x$，则曲线 $y=f(x)$ 在点 $(1,2)$ 处的切线方程式为",$y=2x$
"已知函数 $f(x)=ax^3+x+1$ 的图像在点 $(1,f(1))$ 处的切线过点 $(2,7)$，则 $a=$",1
"已知曲线 $y=x+\ln x$ 在点 $(1,1)$ 处的切线与曲线 $y=ax^2+(a+2)x+1$ 相切，则 $a=$",8
"设曲线 $y=ax-\ln(x+1)$ 在点 $(0,0)$ 处的切线方程为 $y=2x$，则 $a=$",3
"若曲线 $y=x^\alpha+1(\alpha \in \mathbb{R})$ 在点 $(1,2)$ 处的切线经过坐标原点，则 $\alpha=$",2
"若函数 $f(x)=x-\frac{1}{3}\sin 2x+a\sin x$ 在 $(-\infty, +\infty)$ 单调递增, 则 $a$ 的取值范围是","$\left[-\frac{1}{3}, \frac{1}{3}\right]$"
"若函数 $f(x)=kx-\ln x$ 在区间 $(1, +\infty)$ 单调递增, 则 $k$ 的取值范围是","$[1, +\infty)$"
"已知 $x=x_1$ 和 $x=x_2$ 分别是函数 $f(x)=2a^x-ex^2$ ($a>0$ 且 $a 
eq 1$) 的极小值点和极大值点. 若 $x_1<x_2$, 则 $a$ 的取值范围是","$\left(\frac{1}{e}, 1\right)$"
若 $x = -2$ 是函数 $f(x) = (x^2 + ax - 1)e^{x-1}$ 的极值点，则 $f(x)$ 的极小值为,-rac{5}{e^3}
函数 $f(x) = |2x - 1| - 2\ln x$ 的最小值为,0
"当 $x \in [-2, 1]$ 时，不等式 $ax^3 - x^2 + 4x + 3 \ge 0$ 恒成立，则实数 $a$ 的取值范围是","$a \in [-6, -2]$"
设函数 $f(x) = e^x(2x - 1) - ax + a$，其中 $a < 1$，若存在唯一的整数 $x_0$，使得 $f(x_0) < 0$，则 $a$ 的取值范围是,"a \in \left[\frac{3}{2e}, 1\right)"
设函数 $f'(x)$ 是奇函数 $f(x)$ ($x \in \mathbb{R}$) 的导函数，$f(-1) = 0$，当 $x > 0$ 时，$xf'(x) - f(x) < 0$，则使得 $f(x) > 0$ 成立的 $x$ 的取值范围是,"x \in (-\infty, -1) \cup (0, 1)"
已知函数 $f(x) = x^2 - 2x + a(e^{x-1} + e^{-x+1})$ 有唯一零点，则 $a =$,$a = \frac{1}{2}$
已知函数 $f(x) = ax^3 - 3x^2 + 1$，若 $f(x)$ 存在唯一的零点 $x_0$，且 $x_0 > 0$，则 $a$ 的取值范围为,"$a \in (-\infty, -2)$"
"若 $S_1 = \int_1^2 x^2 \, dx$, $S_2 = \int_1^2 \frac{1}{x} \, dx$, $S_3 = \int_1^2 e^x \, dx$，则 $S_1$, $S_2$, $S_3$ 的大小关系为",S_2 < S_1 < S_3
"$\int_0^2 (x - 1) \, dx$",0
"若 $\int_0^T x^2 \, dx = 9$，则常数 $T$ 的值为",3
"计算定积分 $\int_{-1}^1 (x^2 + \sin x) \, dx$ =",$\frac{2}{3}$
"设 $f(x) = \begin{cases} \lg x, & x > 0 \\ x + \int_0^a 3t^2 dt, & x \le 0 \end{cases}$，若 $f(f(1)) = 1$，则 $a =$",2
直线 $y = 4x$ 与曲线 $y = x^3$ 在第一象限内围成的封闭图形的面积为,$\frac{16}{3}$
"已知角 $\alpha$ 的顶点为坐标原点，始边与 $x$ 轴的非负半轴重合，终边上有两点 $A(1, a), B(2, b)$，且 $\cos 2\alpha = \frac{2}{3}$，则 $|a - b| =$",$|a - b| = \frac{\sqrt{5}}{5}$
若 $\tan \theta = -2$，则 $\frac{\sin \theta (1 + \sin 2\theta)}{\sin \theta + \cos \theta} =$,$\frac{2}{5}$
"已知 $\alpha \in (0, \frac{\pi}{2})$，$2\sin 2\alpha = \cos 2\alpha + 1$，则 $\sin \alpha =$",$\frac{\sqrt{5}}{5}$
若 $\tan \alpha = \frac{1}{3}$，则 $\cos 2\alpha =$,$\frac{4}{5}$
已知 $\theta$ 是第四象限角，且 $\sin(\theta + \frac{\pi}{4}) = \frac{3}{5}$，则 $\tan(\theta - \frac{\pi}{4}) =$,$-\frac{4}{3}$
若 $\theta$ 为第二象限角，$\tan(\theta + \frac{\pi}{4}) = \frac{1}{2}$，则 $\sin \theta + \cos \theta =$,$-\frac{\sqrt{10}}{5}$
"若 $\alpha \in (0, \frac{\pi}{2})$，$\tan 2\alpha = \frac{\cos \alpha}{2 - \sin \alpha}$，则 $\tan \alpha =$",$\frac{\sqrt{15}}{15}$
若 $\tan \theta = -2$，则 $\frac{\sin \theta (1 + \sin 2\theta)}{\sin \theta + \cos \theta} =$,$\frac{2}{5}$
$\cos^2 \frac{\pi}{12} - \cos^2 \frac{5\pi}{12} =$,$\frac{1}{2}$
设 $\sin x = -\frac{2}{3}$，则 $\cos 2x =$,$\frac{5}{9}$
已知 $\sin^2\left(\frac{\pi}{4} + \alpha\right) = \frac{2}{3}$，则 $\sin 2\alpha$ 的值是,$-\frac{1}{3}$
已知 $\tan \theta = 2$，则 $\cos 2\theta =$ ； $\tan(\theta - \frac{\pi}{4}) =$,$-\frac{3}{5} ; \frac{1}{3}$
若函数 $f(x) = \sin(x + \varphi) + \cos x$ 的最大值为 $2$，则常数 $\varphi$ 的一个取值为,$\frac{\pi}{2}$
"已知 $\alpha \in (0, \frac{\pi}{2})$，$2\sin 2\alpha = \cos 2\alpha + 1$，则 $\sin \alpha =$",$\frac{\sqrt{5}}{5}$
"函数 $f(x) = 2\sin x - \sin 2x$ 在 $[0, 2\pi]$ 的零点个数为",3
$\tan 255^\circ = $,$2 + \sqrt{3}$
若 $\sin \alpha = \frac{1}{3}$，则 $\cos 2\alpha =$,$\frac{7}{9}$
"已知 $\sin \alpha + \cos \beta = 1, \cos \alpha + \sin \beta = 0$，则 $\sin(\alpha + \beta) =$",$1$
已知 $\tan(\alpha - \frac{5\pi}{4}) = \frac{1}{5}$，则 $\tan \alpha =$,$\frac{3}{2}$
"已知 $\alpha \in (0, \frac{\pi}{2}), \tan \alpha = 2$，则 $\cos(\alpha - \frac{\pi}{4}) =$",$\frac{3\sqrt{10}}{10}$
已知 $\sin \alpha - \cos \alpha = \frac{4}{3}$，则 $\sin 2\alpha =$,$-\frac{7}{9}$
若 $\cos\left(\frac{\pi}{4} - \alpha\right) = \frac{3}{5}$，则 $\sin 2\alpha =$,$\frac{24}{25}$
$\sin 20^\circ \cos 10^\circ - \cos 160^\circ \sin 10^\circ =$,$\frac{1}{2}$
"设 $\alpha \in (0, \frac{\pi}{2}), \beta \in (0, \frac{\pi}{2})$，且 $\tan \alpha = \frac{1 + \sin \beta}{\cos \beta}$，则",$2\alpha - \beta = \frac{\pi}{2}$
已知 $\sin 2\alpha = \frac{2}{3}$，则 $\cos^2(\alpha + \frac{\pi}{4}) =$,$\frac{1}{6}$
"函数 $f(x) = \cos x + (x + 1)\sin x + 1$ 在区间 $[0, 2\pi]$ 的最小值、最大值分别为","$1, \frac{\pi}{2} + 2$"
"记函数 $f(x) = \cos(\omega x + \varphi)(\omega > 0, 0 < \varphi < \pi)$ 的最小正周期为 $T$，若 $f(T) = \frac{\sqrt{3}}{2}$，$x = \frac{\pi}{9}$ 为 $f(x)$ 的零点，则 $\omega$ 的最小值为",3
"记函数 $f(x) = \sin(\omega x + \frac{\pi}{4}) + b(\omega > 0)$ 的最小正周期为 $T$。若 $\frac{2\pi}{3} < T < \pi$，且 $y = f(x)$ 的图象关于点 $(\frac{3\pi}{2}, 2)$ 中心对称，则 $f(\frac{\pi}{2}) =$",1
下列区间中，函数 $f(x) = 7\sin(x - \frac{\pi}{6})$ 单调递增的区间是,"$(\frac{\pi}{6}, \frac{2\pi}{3})$"
已知函数 $f(x) = 2\cos(\omega x + \varphi)$ 的部分图像如图所示，则 $f\left(\frac{\pi}{2}\right) =$,$0$
"下列函数中，以 $\frac{\pi}{2}$ 为周期且在区间 $(\frac{\pi}{4}, \frac{\pi}{2})$ 单调递增的是",$f(x) = |\cos 2x|$
"若 $x_1 = \frac{\pi}{4}, x_2 = \frac{3\pi}{4}$ 是函数 $f(x) = \sin \omega x (\omega > 0)$ 两个相邻的极值点，则 $\omega =$",2
函数 $f(x) = \sin(2x + \frac{3\pi}{2}) - 3\cos x$ 的最小值为,$-4$
"函数 $f(x) = \cos(3x + \frac{\pi}{6})$ 在 $[0, \pi]$ 的零点个数为",3
"若 $f(x) = \cos x - \sin x$ 在 $[-a, a]$ 是减函数，则 $a$ 的最大值是",$\frac{\pi}{4}$
"若 $f(x) = \cos x - \sin x$ 在 $[0, a]$ 是减函数，则 $a$ 的最大值是",$\frac{3\pi}{4}$
函数 $f(x) = \frac{\tan x}{1 + \tan^2 x}$ 的最小正周期为,$\pi$
函数 $f(x) = \sin(2x + \frac{\pi}{3})$ 的最小正周期为,$\pi$
将函数 $f(x) = \sin(\omega x + \frac{\pi}{3}) (\omega > 0)$ 的图像向左平移 $\frac{\pi}{2}$ 个单位长度后得到曲线 $C$，若 $C$ 关于 $y$ 轴对称，则 $\omega$ 的最小值为,$\frac{2}{3}$
"设函数 $f(x) = \sin(\omega x + \frac{\pi}{3})$ 在区间 $(0, \pi)$ 恰有三个极值点、两个零点，则 $\omega$ 的取值范围是","$(\frac{13}{6}, \frac{8}{3}]$"
若函数 $f(x) = A\sin x - \sqrt{3}\cos x$ 的一个零点为 $\frac{\pi}{3}$，则 $A =$ ______；$f\left(\frac{\pi}{2}\right) =$ ______。,① $1$ ； ② $1$
将函数 $f(x) = \sin(\omega x + \frac{\pi}{3}) (\omega > 0)$ 的图像向左平移 $\frac{\pi}{2}$ 个单位长度后得到曲线 $C$，若 $C$ 关于 $y$ 轴对称，则 $\omega$ 的最小值为,$\frac{2}{3}$
把函数 $y = f(x)$ 图像上所有点的横坐标缩短到原来的 $\frac{1}{2}$ 倍，纵坐标不变，再把所得曲线向右平移 $\frac{\pi}{3}$ 个单位长度，得到函数 $y = \sin(x - \frac{\pi}{4})$ 的图像，则 $f(x) =$,$\sin\left(\frac{x}{2} + \frac{\pi}{12}\right)$
将函数 $y = 3\sin(2x + \frac{\pi}{4})$ 的图像向右平移 $\frac{\pi}{6}$ 个单位长度，则平移后的图像中与 $y$ 轴最近的对称轴的方程是,$x = -\frac{5\pi}{24}$
"已知函数 $f(x) = A\sin(\omega x + \varphi) (A > 0, \omega > 0, |\varphi| < \pi)$ 是奇函数，将 $y = f(x)$ 的图像上所有点的横坐标伸长到原来的 $2$ 倍（纵坐标不变），所得图像对应的函数为 $g(x)$。若 $g(x)$ 的最小正周期为 $2\pi$，且 $g(\frac{\pi}{4}) = \sqrt{2}$，则 $f(\frac{3\pi}{8}) =$",$\sqrt{2}$
将函数 $y = 2\sin(2x + \frac{\pi}{6})$ 的图像向右平移 $\frac{1}{4}$ 个周期后，所得图像对应的函数为,$y = 2\sin(2x - \frac{\pi}{3})$
函数 $y = \sin x - \sqrt{3}\cos x$ 的图像可由函数 $y = \sin x + \sqrt{3}\cos x$ 的图像至少向右平移 ______ 个单位长度得到。,$\frac{2\pi}{3}$
函数 $y = \sin x - \sqrt{3}\cos x$ 的图像可由函数 $y = 2\sin x$ 的图像至少向右平移 ______ 个单位长度得到。,$\frac{\pi}{3}$
将函数 $y = \cos(2x + \varphi) (-\pi \le \varphi \le \pi)$ 的图像向右平移 $\frac{\pi}{2}$ 个单位后，与函数 $y = \sin(2x + \frac{\pi}{3})$ 的图像重合，则 $\varphi =$,$\frac{5\pi}{6}$
函数 $f(x) = \sin \frac{x}{3} + \cos \frac{x}{3}$ 的最小正周期和最大值分别是,$6\pi$ 和 $\sqrt{2}$
已知函数 $f(x) = 2\sin x + \sin 2x$，则 $f(x)$ 的最小值是,$-\frac{3\sqrt{3}}{2}$
函数 $f(x) = 2\cos x + \sin x$ 的最大值为,$\sqrt{5}$
"函数 $f(x) = \sin^2 x + \sqrt{3}\cos x - \frac{3}{4}$ ($x \in [0, \frac{\pi}{2}]$) 的最大值是",\frac{3}{2}
函数 $f(x) = \frac{1}{5}\sin\left(x + \frac{\pi}{3}\right) + \cos\left(x - \frac{\pi}{6}\right)$ 的最大值为,$\frac{6}{5}$
函数 $f(x) = \cos 2x + 6\cos\left(\frac{\pi}{2} - x\right)$ 的最大值为,7
函数 $f(x) = \sin(x + 2\varphi) - 2\sin \varphi \cos(x + \varphi)$ 的最大值为,1
设当 $x = \theta$ 时，函数 $f(x) = \sin x - 2\cos x$ 取得最大值，则 $\cos \theta =$,$-\frac{2\sqrt{5}}{5}$
设 $f(x) = \sqrt{3}\sin 3x + \cos 3x$，若对任意实数 $x$ 都有 $|f(x)| \le a$，则实数 $a$ 的取值范围是,$a \ge 2$
"函数 $f(x) = \cos x + (x + 1)\sin x + 1$ 在区间 $[0, 2\pi]$ 的最小值、最大值分别为","$1, \frac{\pi}{2} + 2$"
"记函数 $f(x) = \sin(\omega x + \frac{\pi}{4}) + b(\omega > 0)$ 的最小正周期为 $T$。若 $\frac{2\pi}{3} < T < \pi$，且 $y = f(x)$ 的图象关于点 $(\frac{3\pi}{2}, 2)$ 中心对称，则 $f(\frac{\pi}{2}) =$",1
"已知函数 $f(x) = \sin(\omega x + \varphi) (\omega > 0, |\varphi| \le \frac{\pi}{2})$，$x = -\frac{\pi}{4}$ 为 $f(x)$ 的零点，$x = \frac{\pi}{4}$ 为 $y = f(x)$ 图像的对称轴，且 $f(x)$ 在 $(\frac{\pi}{18}, \frac{5\pi}{36})$ 单调，则 $\omega$ 的最大值为",9
若将函数 $y = 2\sin 2x$ 的图象向左平移 $\frac{\pi}{12}$ 个单位长度，则平移后的图象的对称轴为,$x = \frac{k\pi}{2} + \frac{\pi}{6} (k \in \mathbb{Z})$
"已知 $\triangle ABC$ 中，点 $D$ 在边 $BC$ 上，$\angle ADB = 120^\circ, AD = 2, CD = 2BD$。当 $\frac{AC}{AB}$ 取得最小值时，$BD =$",$\sqrt{3} - 1$
"在 $\triangle ABC$ 中，已知 $B = 120^\circ, AC = \sqrt{19}, AB = 2$，则 $BC =$",3
"记 $\triangle ABC$ 的内角 $A, B, C$ 的对边分别为 $a, b, c$，面积为 $\sqrt{3}, B = 60^\circ, a^2 + c^2 = 3ac$，则 $b =$",$2$
"$\triangle ABC$ 的内角 $A, B, C$ 的对边分别为 $a, b, c$，已知 $a\sin A - b\sin B = 4c\sin C, \cos A = -\frac{1}{4}$，则 $\frac{b}{c} =$",2
"$\triangle ABC$ 的内角 $A, B, C$ 的对边分别为 $a, b, c$。若 $b = 6, a = 2c, B = \frac{\pi}{3}$，则 $\triangle ABC$ 的面积为",$6\sqrt{3}$
"$\triangle ABC$ 的内角 $A, B, C$ 的对边分别为 $a, b, c$。已知 $b\sin C + c\sin B = 4a\sin B\sin C, b^2 + c^2 - a^2 = 8$，则 $\triangle ABC$ 的面积为",$\frac{2\sqrt{3}}{3}$
"$\triangle ABC$ 的内角 $A, B, C$ 的对边分别为 $a, b, c$。若 $\triangle ABC$ 的面积为 $\frac{a^2 + b^2 - c^2}{4}$，则 $C =$",$\frac{\pi}{3}$
"$\triangle ABC$ 的内角 $A, B, C$ 的对边分别为 $a, b, c$。若 $2b\cos B = a\cos C + c\cos A$，则 $B =$",$\frac{\pi}{3}$
"$\triangle ABC$ 的内角 $A, B, C$ 的对边分别为 $a, b, c$。已知 $a = \sqrt{5}, c = 2, \cos A = \frac{2}{3}$，则 $b =$",3
"$\triangle ABC$ 的内角 $A, B, C$ 的对边分别为 $a, b, c$。若 $\cos A = \frac{4}{5}, \cos C = \frac{5}{13}, a = 1$，则 $b =$",$\frac{21}{13}$
"钝角三角形 $ABC$ 的面积为 $\frac{1}{2}$, $AB = 1$, $BC = \sqrt{2}$，则 $AC =$",$\sqrt{5}$
"已知 $a, b, c$ 分别为 $\triangle ABC$ 的三个内角 $A, B, C$ 的对边，$a = 2$，且 $(2 + b)(\sin A - \sin B) = (c - b)\sin C$，则 $\triangle ABC$ 面积的最大值为",$\sqrt{3}$
"已知锐角 $\triangle ABC$ 的内角 $A, B, C$ 的对边分别为 $a, b, c$，$23\cos^2 A + \cos 2A = 0, a = 7, c = 6$，则 $b =$",5
"我国南宋著名数学家秦九韶，发现了从三角形三边求面积的公式，他把这种方法称为“三斜求积”，它填补了我国传统数学的一个空白。如果把这个方法写成公式，就是 $S = \sqrt{\frac{1}{4}[c^2a^2 - (\frac{c^2 + a^2 - b^2}{2})^2]}$，其中 $a, b, c$ 是三角形的三边，$S$ 是三角形的面积。设某三角形的三边 $a = \sqrt{2}, b = \sqrt{3}, c = 2$，则该三角形的面积 $S =$",$\frac{\sqrt{23}}{4}$
"在 $\triangle ABC$ 中，$\cos C = \frac{2}{3}, AC = 4, BC = 3$，则 $\tan B =$",$\frac{4\sqrt{5}}{5}$
"在 $\triangle ABC$ 中，$\cos C = \frac{2}{3}, AC = 4, BC = 3$，则 $\cos B =$",$\frac{1}{9}$
关于 $\pi$ 近似值的表达方式，按照阿尔·卡西的方法应为,$3n\left(\sin \frac{30^\circ}{n} + \tan \frac{30^\circ}{n}\right)$
"在 $\triangle ABC$ 中，$\angle ABC = 90^\circ, AB = 4, BC = 3$，点 $D$ 在线段 $AC$ 上。若 $\angle BDC = 45^\circ$，则","$BD = \frac{12\sqrt{2}}{5}, \cos \angle ABD = \frac{7\sqrt{2}}{10}$"
"在 $\triangle ABC$ 中，$\cos \frac{C}{2} = \frac{\sqrt{5}}{5}, BC = 1, AC = 5$，则 $AB =$",$4\sqrt{2}$
"$\triangle ABC$ 的内角 $A, B, C$ 的对边分别为 $a, b, c$，若 $\cos A = \frac{4}{5}, \cos C = \frac{5}{13}, a = 1$，则 $b =$ ________。",$\frac{21}{13}$
在 $\triangle ABC$ 中，$B = \frac{\pi}{4}$，$BC$ 边上的高等于 $\frac{1}{3} BC$，则 $\cos A =$（ ）,$-\frac{\sqrt{10}}{10}$
在 $\triangle ABC$ 中，$B = \frac{\pi}{4}$，$BC$ 边上的高等于 $\frac{1}{3} BC$，则 $\sin A =$（ ）,$\frac{3\sqrt{10}}{10}$
"在 $\triangle ABC$ 中，若 $AB = \sqrt{13}, BC = 3, \angle C = 120^\circ$，则 $AC =$（ ）",1
在平面四边形 $ABCD$ 中，$\angle A = \angle B = \angle C = 75^\circ$，$BC = 2$，则 $AB$ 的取值范围是 ________。,"$(\sqrt{6} - \sqrt{2}, \sqrt{6} + \sqrt{2})$"
"在 $\triangle ABC$ 中，点 $D$ 在边 $AB$ 上，$BD = 2DA$。记 $\vec{CA} = \vec{m}, \vec{CD} = \vec{n}$，则 $\vec{CB} =$（ ） A. $3\vec{m} - 2\vec{n}$ B. $-2\vec{m} + 3\vec{n}$ C. $3\vec{m} + 2\vec{n}$ D. $2\vec{m} + 3\vec{n}$",$-2\vec{m} + 3\vec{n}$
"设向量 $\vec{a}, \vec{b}$ 的夹角的余弦值为 $\frac{1}{3}$，且 $|\vec{a}| = 1, |\vec{b}| = 3$，则 $(2\vec{a} + \vec{b}) \cdot \vec{b} =$ ________。",11
"已知向量 $\vec{a} = (2, 1), \vec{b} = (-2, 4)$，则 $|\vec{a} - \vec{b}| =$（ ） A. 2 B. 3 C. 4 D. 5",5
在 $\triangle ABC$ 中，$D$ 是 $AB$ 边上的中点，则 $\vec{CB} =$（ ） A. $2\vec{CD} + \vec{CA}$ B. $\vec{CD} - 2\vec{CA}$ C. $2\vec{CD} - \vec{CA}$ D. $\vec{CD} + 2\vec{CA}$,$2\vec{CD} - \vec{CA}$
"设 $D, E, F$ 分别为 $\triangle ABC$ 的三边 $BC, CA, AB$ 的中点，则 $\vec{EB} + \vec{FC} =$（ ）
A. $\vec{BC}$  B. $\frac{1}{2}\vec{AD}$  C. $\vec{AD}$  D. $\frac{1}{2}\vec{BC}$",$\vec{AD}$
在 $\triangle ABC$ 中，$AD$ 为 $BC$ 边上的中线，$E$ 为 $AD$ 的中点，则 $\vec{EB} =$（ ） A. $\frac{3}{4}\vec{AB} - \frac{1}{4}\vec{AC}$ B. $\frac{1}{4}\vec{AB} - \frac{3}{4}\vec{AC}$ C. $\frac{3}{4}\vec{AB} + \frac{1}{4}\vec{AC}$ D. $\frac{1}{4}\vec{AB} + \frac{3}{4}\vec{AC}$,$\frac{3}{4}\vec{AB} - \frac{1}{4}\vec{AC}$
"在 $\triangle ABC$ 中，点 $M, N$ 满足 $\vec{AM} = 2\vec{MC}$，$\vec{BN} = \vec{NC}$，若 $\vec{MN} = x\vec{AB} + y\vec{AC}$，则 $x =$ ________；$y =$ ________。",$\frac{1}{2}$  $-\frac{1}{6}$
设 $D$ 为 $\triangle ABC$ 所在平面内一点，$\vec{BC} = 3\vec{CD}$，则（ ） A. $\vec{AD} = -\frac{1}{3}\vec{AB} + \frac{4}{3}\vec{AC}$ B. $\vec{AD} = \frac{1}{3}\vec{AB} - \frac{4}{3}\vec{AC}$ C. $\vec{AD} = \frac{4}{3}\vec{AB} + \frac{1}{3}\vec{AC}$ D. $\vec{AD} = \frac{4}{3}\vec{AB} - \frac{1}{3}\vec{AC}$,$\vec{AD} = -\frac{1}{3}\vec{AB} + \frac{4}{3}\vec{AC}$
已知正方形 $ABCD$ 的边长为 2，$E$ 为 $CD$ 的中点，则 $\vec{AE} \cdot \vec{BD} =$ ________。,0
"已知 $\vec{a} = (3, 4), \vec{b} = (1, 0), \vec{c} = \vec{a} + t\vec{b}$，若 $\langle \vec{a}, \vec{c} \rangle = \langle \vec{b}, \vec{c} \rangle$，则 $t =$（ ） A. $-6$ B. $-5$ C. $5$ D. $6$",5
"已知向量 $\vec{a} = (2, 5), \vec{b} = (\lambda, 4)$，若 $\vec{a} // \vec{b}$，则 $\lambda =$ ________。",$\frac{8}{5}$
"若向量 $\vec{a}, \vec{b}$ 满足 $|\vec{a}| = 3, |\vec{a} - \vec{b}| = 5, \vec{a} \cdot \vec{b} = 1$，则 $|\vec{b}| =$ ________。",$3\sqrt{2}$
"已知向量 $\vec{a} = (3, 1), \vec{b} = (1, 0), \vec{c} = \vec{a} + k\vec{b}$。若 $\vec{a} \perp \vec{c}$，则 $k =$ ________。",$-\frac{10}{3}$
"已知向量 $\vec{a} = (2, 3), \vec{b} = (3, 2)$，则 $|\vec{a} - \vec{b}| =$（ ） A. $\sqrt{2}$ B. 2 C. $5\sqrt{2}$ D. 50",$\sqrt{2}$
"已知向量 $\vec{a} = (1, 2), \vec{b} = (2, -2), \vec{c} = (1, \lambda)$。若 $\vec{c} // (2\vec{a} + \vec{b})$，则 $\lambda =$ ________。",$\frac{1}{2}$
"已知向量 $\vec{a} = (m, 4), \vec{b} = (3, -2)$，且 $\vec{a} // \vec{b}$，则 $m =$ ________。",$-6$
"设向量 $\vec{a}, \vec{b}$ 不平行，向量 $\lambda \vec{a} + \vec{b}$ 与 $\vec{a} + 2\vec{b}$ 平行，则实数 $\lambda =$ ________。",$\frac{1}{2}$
"已知向量 $\vec{a}, \vec{b}$ 满足 $|\vec{a}| = 1, |\vec{b}| = \sqrt{3}, |\vec{a} - 2\vec{b}| = 3$，则 $\vec{a} \cdot \vec{b} =$（ ） A. $-2$ B. $-1$ C. 1 D. 2",-1
"已知向量 $\vec{a} = (m, 3), \vec{b} = (1, m + 1)$。若 $\vec{a} \perp \vec{b}$，则 $m =$ ________。",$-\frac{3}{4}$ 或 $-0.75$
"已知向量 $\vec{a}, \vec{b}$ 满足 $|\vec{a}| = 5, |\vec{b}| = 6, \vec{a} \cdot \vec{b} = -6$，则 $\cos \langle \vec{a}, \vec{a} + \vec{b} \rangle =$（ ）",$\frac{19}{35}$
"设向量 $\vec{a} = (1, -1), \vec{b} = (m + 1, 2m - 4)$，若 $\vec{a} \perp \vec{b}$，则 $m =$ ________。",5
"已知单位向量 $\vec{a}, \vec{b}$ 的夹角为 $45^\circ, k\vec{a} - \vec{b}$ 与 $\vec{a}$ 垂直，则 $k =$ ________。",$\frac{\sqrt{2}}{2}$
"设 $\vec{a}, \vec{b}$ 为单位向量，且 $|\vec{a} + \vec{b}| = 1$，则 $|\vec{a} - \vec{b}| =$ ________。",$\sqrt{3}$
"已知 $P$ 是边长为 2 的正六边形 $ABCDEF$ 内的一点，则 $\vec{AP} \cdot \vec{AB}$ 的取值范围是（ ） A. $(-2, 6)$ B. $(-6, 2)$ C. $(-2, 4)$ D. $(-4, 6)$","$(-2, 6)$"
"已知向量 $\vec{a} = (2, 2), \vec{b} = (-8, 6)$，则 $\cos \langle \vec{a}, \vec{b} \rangle =$ ________。",$-\frac{\sqrt{2}}{10}$
"已知向量 $\vec{a}, \vec{b}$ 满足 $|\vec{a}| = 1, \vec{a} \cdot \vec{b} = -1$，则 $\vec{a} \cdot (2\vec{a} - \vec{b}) =$（ ） A. 4 B. 3 C. 2 D. 0",3
"设 $\vec{m}, \vec{n}$ 为非零向量，则“存在负数 $\lambda$，使得 $\vec{m} = \lambda \vec{n}$”是“$\vec{m} \cdot \vec{n} < 0$”的（ ） A. 充分而不必要条件 B. 必要而不充分条件 C. 充分必要条件 D. 既不充分也不必要条件",A
"已知向量 $\vec{BA} = (\frac{1}{2}, \frac{\sqrt{3}}{2}), \vec{BC} = (\frac{\sqrt{3}}{2}, \frac{1}{2})$，则 $\angle ABC =$（ ）
A. $30^\circ$  B. $45^\circ$  C. $60^\circ$  D. $120^\circ$",$30^\circ$
"已知 $A, B, C$ 是圆 $O$ 上的三点，若 $\vec{AO} = \frac{1}{2}(\vec{AB} + \vec{AC})$，则 $\vec{AB}$ 与 $\vec{AC}$ 的夹角为 ________。",$90^\circ$
"已知两个单位向量 $\vec{a}, \vec{b}$ 的夹角为 $60^\circ, \vec{c} = t\vec{a} + (1-t)\vec{b}$，若 $\vec{b} \cdot \vec{c} = 0$，则 $t =$ ________。",2
已知正方形 $ABCD$ 的边长为 2，$E$ 为 $CD$ 的中点，则 $\vec{AE} \cdot \vec{BD} =$ ________。,0
"已知向量 $\vec{a} + \vec{b} + \vec{c} = \vec{0}, |\vec{a}| = 1, |\vec{b}| = |\vec{c}| = 2$，则 $\vec{a} \cdot \vec{b} + \vec{b} \cdot \vec{c} + \vec{c} \cdot \vec{a} =$ ________。",$-\frac{9}{2}$
"已知单位向量 $\vec{a}, \vec{b}$ 的夹角为 $60^\circ$，则在下列向量中，与 $\vec{b}$ 垂直的是（ ） A. $\vec{a} + 2\vec{b}$ B. $2\vec{a} + \vec{b}$ C. $\vec{a} - 2\vec{b}$ D. $2\vec{a} - \vec{b}$",D
"已知 $\vec{a}, \vec{b}$ 为单位向量，且 $\vec{a} \cdot \vec{b} = 0$，若 $\vec{c} = 2\vec{a} - \sqrt{5}\vec{b}$，则 $\cos \langle \vec{a}, \vec{c} \rangle =$ ________。",$\frac{2}{3}$
"已知非零向量 $\vec{a}, \vec{b}$ 满足 $|\vec{a}| = 2|\vec{b}|$，且 $(\vec{a} - \vec{b}) \perp \vec{b}$，则 $\vec{a}$ 与 $\vec{b}$ 的夹角为（ ） A. $\frac{\pi}{6}$ B. $\frac{\pi}{3}$ C. $\frac{2\pi}{3}$ D. $\frac{5\pi}{6}$",B
"设 $a, b$ 均为单位向量，则“$|\vec{a} - 3\vec{b}| = |3\vec{a} + \vec{b}|$”是“$\vec{a} \perp \vec{b}$”的（ ）
A. 充分而不必要条件  B. 必要而不充分条件
C. 充分必要条件  D. 既不充分也不必要条件",C
"已知 $\vec{e_1}, \vec{e_2}$ 是互相垂直的单位向量，若 $\sqrt{3}\vec{e_1} - \vec{e_2}$ 与 $\vec{e_1} + \lambda\vec{e_2}$ 的夹角为 $60^\circ$，则实数 $\lambda$ 的值是 ________。",$\frac{\sqrt{3}}{3}$
"已知向量 $\vec{a} = (-2, 3), \vec{b} = (3, m)$，且 $\vec{a} \perp \vec{b}$，则 $m =$ ________。",2
"设非零向量 $\vec{a}, \vec{b}$ 满足 $|\vec{a} + \vec{b}| = |\vec{a} - \vec{b}|$，则（ ） A. $\vec{a} \perp \vec{b}$ B. $|\vec{a}| = |\vec{b}|$ C. $\vec{a} // \vec{b}$ D. $|\vec{a}| > |\vec{b}|$",A
"已知向量 $\vec{a}, \vec{b}$ 的夹角为 $60^\circ, |\vec{a}| = 2, |\vec{b}| = 1$，则 $|\vec{a} + 2\vec{b}| =$ ________。",$2\sqrt{3}$
"已知向量 $\vec{a} = (-1, 2), \vec{b} = (m, 1)$，若向量 $\vec{a} + \vec{b}$ 与 $\vec{a}$ 垂直，则 $m =$ ________。",-3
"已知向量 $\vec{a} = (1, m), \vec{b} = (3, -2)$，且 $(\vec{a} + \vec{b}) \perp \vec{b}$，则 $m =$",8
"设向量 $\vec{a} = (m, 1), \vec{b} = (1, 2)$，且 $|\vec{a} + \vec{b}|^2 = |\vec{a}|^2 + |\vec{b}|^2$，则 $m =$ ________。",$-2$
"设向量 $\vec{a} = (x, x + 1), \vec{b} = (1, 2)$，且 $\vec{a} \perp \vec{b}$，则 $x =$ ________。",$-\frac{2}{3}$
"设向量 $|\vec{a} - \vec{b}| = \sqrt{6}$ 满足 $(\vec{a} + \vec{b})^2 = 10, (\vec{a} - \vec{b})^2 = 6$，则 $\vec{a} \cdot \vec{b} =$（ ） A. 1 B. 2 C. 3 D. 5",1
设点 $P$ 在单位圆的内接正八边形 $A_1 A_2 \dots A_8$ 的边 $A_1 A_2$ 上，则 $\vec{PA_1}^2 + \vec{PA_2}^2 + \dots + \vec{PA_8}^2$ 的取值范围是 ________。,"$[12 + 2\sqrt{2}, 16]$"
"在 $\triangle ABC$ 中，$AC = 3, BC = 4, \angle C = 90^\circ$。$P$ 为 $\triangle ABC$ 所在平面内的动点，且 $PC = 1$，则 $\vec{PA} \cdot \vec{PB}$ 的取值范围是（ ） A. $[-5, 3]$ B. $[-3, 5]$ C. $[-6, 4]$ D. $[-4, 6]$",D
在边长为 1 的等边三角形 $ABC$ 中，$D$ 为线段 $BC$ 上的动点，$DE \perp AB$ 且交 $AB$ 于点 $E$，$DF // AB$ 且交 $AC$ 于点 $F$，则 $|2\vec{BE} + \vec{DF}|$ 的值为 ________；$(\vec{DE} + \vec{DF}) \cdot \vec{DA}$ 的最小值为 ________。,1  $\frac{1}{4}$
"设 $\vec{e_1}, \vec{e_2}$ 为单位向量，满足 $|2\vec{e_1} - \vec{e_2}| \le \sqrt{2}$，$\vec{a} = \vec{e_1} + \vec{e_2}, \vec{b} = 3\vec{e_1} + \vec{e_2}$，设 $\vec{a}, \vec{b}$ 的夹角为 $\theta$，则 $\cos^2 \theta$ 的最小值为 ________。",$\frac{28}{29}$
已知正方形 $ABCD$ 的边长为 2，点 $P$ 满足 $\vec{AP} = \frac{1}{2}(\vec{AB} + \vec{AC})$，则 $|\vec{PD}| =$ ________；$\vec{PB} \cdot \vec{PD} =$ ________。,$\sqrt{5}$  $-1$
"已知 $\vec{a_1}, \vec{a_2}, \vec{b_1}, \vec{b_2}, \dots, \vec{b_k} (k \in \mathbb{N}^*)$ 是平面内两两互不相等的向量，满足 $|\vec{a_1} - \vec{a_2}| = 1$ 且 $|\vec{a_i} - \vec{b_j}| \in \{1, 2\}$（其中 $i = 1, 2, j = 1, 2, \dots, k$），则 $k$ 的最大值为 ________。",6
"在四边形 $ABCD$ 中，$AD // BC, AB = 2\sqrt{3}, AD = 5, \angle A = 30^\circ$，点 $E$ 在线段 $CB$ 的延长线上，且 $AE = BE$，则 $\vec{BD} \cdot \vec{AE} =$ ________。",$-1$
"已知 $\vec{a}, \vec{b}, \vec{e}$ 是平面向量，$\vec{e}$ 是单位向量。若非零向量 $\vec{a}$ 与 $\vec{e}$ 的夹角为 $\frac{\pi}{3}$，向量 $\vec{b}$ 满足 $\vec{b}^2 - 4\vec{e} \cdot \vec{b} + 3 = 0$，则 $|\vec{a} - \vec{b}|$ 的最小值是（ ）
A. $\sqrt{3} - 1$  B. $\sqrt{3} + 1$  C. 2  D. $2 - \sqrt{3}$",$\sqrt{3} - 1$
"在平面直角坐标系中，已知点 $A(-1, 0), B(2, 0)$，$E, F$ 是 $y$ 轴上的两个动点，且 $|\vec{EF}| = 2$，则 $\vec{AE} \cdot \vec{BF}$ 的最小值为 ________。",$-3$
"已知向量 $\vec{a}, \vec{b}$ 满足 $|\vec{a}| = 1, |\vec{b}| = 2$，则 $|\vec{a} + \vec{b}| + |\vec{a} - \vec{b}|$ 的最小值是 ________，最大值是 ________。","4, 2\sqrt{5}"
"在平面直角坐标系 $xOy$ 中，$A(-12, 0), B(0, 6)$，点 $P$ 在圆 $O: x^2 + y^2 = 50$ 上，若 $\vec{PA} \cdot \vec{PB} \le 20$，则点 $P$ 的横坐标的取值范围是 ________。","$[-5\sqrt{2}, 1]$"
"在矩形 $ABCD$ 中，$AB = 1, AD = 2$，动点 $P$ 在以点 $C$ 为圆心且与 $BD$ 相切的圆上。若 $\vec{AP} = \lambda \vec{AB} + \mu \vec{AD}$，则 $\lambda + \mu$ 的最大值为（ ）
A. 3  B. $2\sqrt{2}$  C. $\sqrt{5}$  D. 2",$\sqrt{5}$
"已知 $\triangle ABC$ 是边长为 2 的等边三角形，$P$ 为平面 $ABC$ 内一点，则 $\vec{PA} \cdot (\vec{PB} + \vec{PC})$ 的最小值是（ ）
A. $-2$  B. $-\frac{3}{2}$  C. $-\frac{4}{3}$  D. $-1$",$-\frac{3}{2}$
"已知 $M(x_0, y_0)$ 是双曲线 $C: \frac{x^2}{2} - y^2 = 1$ 上的一点，$F_1, F_2$ 是 $C$ 上的两个焦点，若 $\vec{MF_1} \cdot \vec{MF_2} < 0$，则 $y_0$ 的取值范围是（ ） A. $(-\frac{\sqrt{3}}{3}, \frac{\sqrt{3}}{3})$ B. $(-\frac{\sqrt{3}}{6}, \frac{\sqrt{3}}{6})$ C. $(-\frac{2\sqrt{2}}{3}, \frac{2\sqrt{2}}{3})$ D. $(-\frac{2\sqrt{3}}{3}, \frac{2\sqrt{3}}{3})$","(-\frac{\sqrt{3}}{3}, \frac{\sqrt{3}}{3})"
"已知 $S_n$ 是等差数列 $\{a_n\}$ 的前 $n$ 项和，$a_2 = 3, a_5 = 9$，则 $S_{10} =$ ________。",$55$
"数列 $\{a_n\}$ 满足 $a_{n+1} = \frac{1}{1 - a_n}, a_8 = 2$，则 $a_1 =$ ________。",$\frac{1}{2}$
若数列 $\{a_n\}$ 的前 $n$ 项和为 $S_n = \frac{2}{3}a_n + \frac{1}{3}$，则数列 $\{a_n\}$ 的通项公式是 $a_n =$ ________。,$(-2)^{n-1}$
记 $S_n$ 为数列 $\{a_n\}$ 的前 $n$ 项和。若 $S_n = 2a_n + 1$，则 $S_6 =$ ________。,$-63$
"嫦娥二号卫星在完成探月任务后，继续进行深空探测，成为我国第一颗环绕太阳飞行的人造行星，为研究嫦娥二号绕日周期与地球绕日周期的比值，用到数列 $\{b_n\}$：$b_1 = 1 + \frac{1}{\alpha_1}, b_2 = 1 + \frac{1}{\alpha_1 + \frac{1}{\alpha_2}}, b_3 = 1 + \frac{1}{\alpha_1 + \frac{1}{\alpha_2 + \frac{1}{\alpha_3}}}, \dots$，依此类推，其中 $\alpha_k \in \mathbb{N}^* (k = 1, 2, \dots)$。则（ ） A. $b_1 < b_5$ B. $b_3 < b_8$ C. $b_6 < b_2$ D. $b_4 < b_7$",D
记 $S_n$ 为等差数列 $\{a_n\}$ 的前 $n$ 项和。若 $2S_3 = 3S_2 + 6$，则公差 $d =$ ________。,2
"北京天坛的圆丘坛为古代祭天的场所，分上、中、下三层，上层中心有一块圆形石板（称为天心石），环绕天心石砌 9 块扇面形石板构成第一环，向外每环依次增加 9 块，下一层的第一环比上一层的最后一环多 9 块，向外每环依次也增加 9 块。已知每层环数相同，且下层比中层多 729 块，则三层共有扇面形石板（不含天心石）（ ）
A. 3699 块  B. 3474 块  C. 3402 块  D. 3339 块",3402
已知等差数列 $\{a_n\}$ 的首项 $a_1 \neq 0$，且满足 $a_1 + a_{10} = a_9$，则 $\frac{a_1 + a_2 + \dots + a_9}{a_{10}} =$ ________。,$\frac{27}{8}$
"记 $S_n$ 为等差数列 $\{a_n\}$ 的前 $n$ 项和，若 $a_1 \neq 0, a_2 = 3a_1$，则 $\frac{S_{10}}{S_5} =$ ________。",4
"记 $S_n$ 为等差数列 $\{a_n\}$ 的前 $n$ 项和。已知 $S_4 = 0, a_5 = 5$，则（ ） A. $a_n = 2n - 5$ B. $a_n = 3n - 10$ C. $S_n = 2n^2 - 8n$ D. $S_n = \frac{1}{2}n^2 - 2n$",$a_n = 2n - 5$
"已知等差数列 $\{a_n\}$ 的首项 $a_1 \neq 0$，且满足 $a_1 + a_{10} = a_9$，则 $\frac{a_1 + a_2 + \dots + a_9}{a_{10}} =$ ________。已知数列 $\{a_n\} (n \in N^*)$ 是等差数列，$S_n$ 是其前 $n$ 项和。若 $a_2 a_5 + a_8 = 0, S_9 = 27$，则 $S_8$ 的值是 ________。",8
"设等差数列 $\{a_n\}$ 的前 $n$ 项和为 $S_n$，若 $a_2 = -3, S_5 = -10$，则 $a_5 =$ ________；$S_n$ 的最小值为 ________。",0  $-10$
"记 $S_n$ 为等差数列 $\{a_n\}$ 的前 $n$ 项和。若 $3S_3 = S_2 + S_4, a_1 = 2$，则 $a_5 =$（ ） A. $-12$ B. $-10$ C. 10 D. 12",$-10$
"设 $\{a_n\}$ 是等比数列，且 $a_1 = 3, a_2 + a_5 = 36$，则 $\{a_n\}$ 的前 7 项和 $S_7$ 为 ________。",1092
"记 $S_n$ 为等差数列 $\{a_n\}$ 的前 $n$ 项和，若 $a_3 = 0, a_6 + a_7 = 14$，则 $S_7 =$ ________；通项公式为 $a_n =$ ________。",21  $2n - 6$
"记 $S_n$ 为等差数列 $\{a_n\}$ 的前 $n$ 项和。若 $a_1 + a_5 = 24, S_6 = 48$，则 $\{a_n\}$ 的公差为（ ） A. 1 B. 2 C. 4 D. 8",4
"等差数列 $\{a_n\}$ 的首项为 1，公差不为 0。若 $a_2, a_3, a_6$ 成等比数列，则 $\{a_n\}$ 前 6 项的和为（ ）
A. $-24$  B. $-3$  C. 3  D. 8",3
已知等差数列 $\{a_n\}$ 前 9 项的和为 27，$a_{10} = 8$，则 $a_{100} =$（ ）,98
已知 $\{a_n\}$ 是公差为 1 的等差数列，$S_n$ 为 $\{a_n\}$ 的前 $n$ 项和，若 $S_8 = 4S_4$，则 $a_{10} =$（ ） A. $\frac{17}{2}$ B. $\frac{19}{2}$ C. 10 D. 12,$\frac{19}{2}$
设 $S_n$ 是等差数列 $\{a_n\}$ 的前 $n$ 项和，若 $a_1 + a_3 + a_5 = 3$，则 $S_5 =$（ ） A. 5 B. 7 C. 9 D. 11,5
"设数列 $\{a_n\}$ 的前 $n$ 项和为 $S_n$，且 $a_1 = -1, a_{n+1} = S_{n+1}S_n$，则 $S_n =$ ________。",$-\frac{1}{n}$
"等差数列 $\{a_n\}$ 的公差为 2，若 $a_2, a_4, a_8$ 成等比数列，则 $\{a_n\}$ 的前 $n$ 项和 $S_n =$（ ） A. $n(n+1)$ B. $n(n-1)$ C. $\frac{n(n+1)}{2}$ D. $\frac{n(n-1)}{2}$",$n(n+1)$
"记 $S_n$ 为等比数列 $\{a_n\}$ 的前 $n$ 项和。若 $S_2 = 4, S_4 = 6$，则 $S_6 =$（ ） A. 7 B. 8 C. 9 D. 10",7
"设 $\{a_n\}$ 是等比数列，且 $a_1 + a_2 + a_3 = 1, a_2 + a_3 + a_4 = 2$，则 $a_6 + a_7 + a_8 =$（ ） A. 12 B. 24 C. 30 D. 32",32
"记 $S_n$ 为等比数列 $\{a_n\}$ 的前 $n$ 项和。若 $a_5 - a_3 = 12, a_6 - a_4 = 24$，则 $\frac{S_n}{a_n} =$（ ） A. $2^n - 1$ B. $2 - 2^{1-n}$ C. $2 - 2^{n-1}$ D. $2^{1-n} - 1$",2 - 2^{1-n}
"数列 $\{a_n\}$ 中，$a_1 = 2, a_{m+n} = a_m a_n$，若 $a_{k+1} + a_{k+2} + \dots + a_{k+10} = 2^{15} - 2^5$，则 $k =$（ ）",4
已知各项均为正数的等比数列 $\{a_n\}$ 的前 4 项和为 15，且 $a_5 = 3a_3 + 4a_1$，则 $a_3 =$（ ）,4
"记 $S_n$ 为等比数列 $\{a_n\}$ 的前 $n$ 项和。若 $a_1 = \frac{1}{3}, a_4^2 = a_6$，则 $S_5 =$ ________。",$\frac{121}{81}$
"记 $S_n$ 为等比数列 $\{a_n\}$ 的前 $n$ 项和。若 $a_1 = 1, S_3 = \frac{3}{4}$，则 $S_4 =$ ________。",$\frac{5}{8}$
“十二平均律”是通用的音律体系，明代朱载堉最早用数学方法计算出半音比例。十二平均律将一个纯八度音程分成十二份，依次得到十三个单音，从第二个单音起，每一个单音的频率与它的前一个单音的频率的比都等于 $\sqrt[12]{2}$。若第一个单音的频率为 $f$，则第八个单音的频率为（ ） A. $\sqrt[3]{2}f$ B. $\sqrt[12]{2^2}f$ C. $\sqrt[12]{2^5}f$ D. $\sqrt[12]{2^7}f$,$\sqrt[12]{2^7}f$
"已知 $a_1, a_2, a_3, a_4$ 成等比数列，且 $a_1 + a_2 + a_3 + a_4 = \ln(a_1 + a_2 + a_3)$。若 $a_1 > 1$，则（ ）","$a_1 > a_3, a_2 < a_4$"
"我国古代数学名著《算法统宗》中有如下问题：“远望巍巍塔七层，红光点点倍加增，共灯三百八十一，请问尖头几盏灯？”意思是：一座 7 层塔共挂了 381 盏灯，且相邻两层中的下一层灯数是上一层灯数的 2 倍，则塔的顶层共有灯（ ）
A. 1 盏  B. 3 盏  C. 5 盏  D. 9 盏",3
"设等比数列 $\{a_n\}$ 满足 $a_1 + a_2 = -1, a_1 - a_3 = -3$，则 $a_4 =$ ________。",$-8$
"数列 $\{a_n\}$ 中 $a_1 = 2, a_{n+1} = 2a_n$，$S_n$ 为 $\{a_n\}$ 的前 $n$ 项和，若 $S_n = 126$，则 $n =$ ________。",6
"已知等比数列 $\{a_n\}$ 满足 $a_1 = 3, a_1 + a_3 + a_5 = 21$，则 $a_3 + a_5 + a_7 =$（ ） A. 21 B. 42 C. 63 D. 84",42
"已知等比数列 $\{a_n\}$ 满足 $a_1 = \frac{1}{4}, a_3 a_5 = 4(a_4 - 1)$，则 $a_2 =$（ ） A. 2 B. 1 C. $\frac{1}{2}$ D. $\frac{1}{8}$",$\frac{1}{2}$
"等比数列 $\{a_n\}$ 的前 $n$ 项和为 $S_n$，已知 $S_3 = a_2 + 10a_1, a_5 = 9$，则 $a_1 =$（",$\frac{1}{9}$
"已知数列 $\{a_n\}$ 满足 $3a_{n+1} + a_n = 0, a_2 = -\frac{4}{3}$，则 $\{a_n\}$ 的前 10 项和等于",$-2(1 - 3^{-10})$
"设 $\{a_n\}$ 是公差为 $d$ 的等差数列, $\{b_n\}$ 是公比为 $g$ 的等比数列,已知 $\{a_n + b_n\}$ 的前 $n$ 项和 $S_n = n^2 - n + 2^n - 1$ $(n \in N^*)$,则 $d+g$ 的值是",3
"设等比数列满足 $a_1 + a_3 = 10$ , $a_2 + a_4 = 5$ , 则 $a_1a_2\cdots a_5$ 的值为？",64
"记 $S_n$ 为等差数列 $\{a_n\}$ 的前 $n$ 项和, 若 $a_1 = -2, a_2 + a_6 = 2$ , 则 $S_{10} =$",25
"已知数列 $\{a_n\}$ 满足 $a_n=\frac{n(n+1)}{2}$ ,则 $S_3=$",10
"将数列 $\{2n-1\}$ 与 $\{3n-2\}$ 的公共项从小到大排列得到数列 $\{a_n\}$, 则 $\{a_n\}$ 的前 n 项和为 .",$3n^2-2n$
"已知数列 $\{a_n\}$ 满足 $a_1=1, a_{n+1}=\frac{a_n}{1+\sqrt{a_n}} (n \in \mathbb{N}^*)$ . 记数列 $\{a_n\}$ 的前 n 项和为 $S_n$ ,则",$\frac{3}{2} < S_{100} < 3$
"等差数列 $\{a_n\}$ 的前 $n$ 项和为 $S_n$ , $a_3 = 3$, $S_4 = 10$, 则 $\sum_{k=1}^n \frac{1}{S_k}$ = .",$\frac{2n}{n+1}$
"若数列 $\{a_n\}$ 的通项公式是 $a_n = (-1) \cdot (3n-2)$ ,则 $a_1 + a_2 + \dots + a_{10} =$ ( )",-15
"定义""规范01数列"" $\{a_n\}$ 如下: $\{a_n\}$ 共有 $2m$ 项, 其中 $m$ 项为 $0$, $m$ 项为 $1$, 且对任意 $k \leq 2m$, $a_1, a_2, \ldots, a_k$ 中 $0$ 的个数不少于 $1$ 的个数, 若 $m=4$, 则不同的""规范01数列""共有",14
"等差数列 $\{a_n\}$ 前 $n$ 项和为 $S_n$ , $S_{10}=0$ , $S_{15}=25$ ,则 $nS_n$ 的最小值为 .",-49
"设 $a=0.1e^{0.1}, b=\frac{1}{9}, c=-\ln 0.9$ ,大小关系是",a < c < b
"已知 $a = \frac{31}{32}, b = \cos \frac{1}{4}, c = 4\sin \frac{1}{4}$ ,则,大小关系是",c > b > a
"已知  $9^m = 10, a = 10^m - 11, b = 8^m - 9$ ,则,大小关系是",a > 0 > b
"若 $2^a + \log_2 a = 4^b + 2\log_4 b$ ,则 ( ),大小关系是",a < 2b
"设 $a=3^{0.7}, b=\left(\frac{1}{3}\right)^{-0.8}, c=\log_{0.7}0.8$ ,则 $a, b, c$ 的大小关系为",c < a < b
"设函数 $f(x) = \begin{cases} x+1, & x \leq 0 \\ 2^x, & x > 0 \end{cases}$ ,则满足 $f(x) + f(x - \frac{1}{2}) > 1$ 的$x$的取值范围是.","$\left(-\frac{1}{4}, +\infty\right)$"
"设函数 $f(x) = \begin{cases} e^{x-1}, & x < 1, \\ x^{\frac{1}{3}}, & x \ge 1, \end{cases}$ 则使得 $f(x) < 2$ 成立的 $x$ 的取值范围是","(-∞,8]"
"对任意 $x, y$, $x^2 + y^2 - xy = 1$，则","$x + y \ge -2$ 
$x^2 + y^2 \le 2$"
"已知 $\alpha, \beta, \gamma$ 是互不相同的锐角,则在 $\sin \alpha \cos \beta$ , $\sin \beta \cos \gamma$ , $\sin \gamma \cos \alpha$ 三个值中,大于 $\frac{1}{2}$ 的个数的最大值是 ( )",2
"若 $a > 0$, $b > 0$, 则 $\frac{1}{a} + \frac{a}{b^2} + b$ 的最小值为",$2\sqrt{2}$
"已知 $a > 0$, $b > 0$, 且 $ab = 1$, 则 $\frac{1}{2a} + \frac{1}{2b} + \frac{8}{a+b}$ 的最小值为 .",4
"设 $x > 0$, $y > 0$, $x + 2y = 5$, 则 $\frac{(x+1)(2y+1)}{\sqrt{xy}}$ 的最小值为",$4\sqrt{3}$
"已知 $a,b \in \mathbb{R}$ , 且 $a-3b+6=0$ , 则 $2^a+\frac{1}{8^b}$ 的最小值为",1
"若 $a, b \in \mathbb{R}$, $ab > 0$, 则 $\frac{a^4 + 4b^4 + 1}{ab}$ 的最小值为",4
"已知 $a \in \mathbb{R}$ ,函数 $f(x) = \left| x + \frac{4}{x} - a \right| + a$ 在区间 [1, 4]上的最大值是 5 ,则 a 的取值范围是 .","$\left(-\infty, \frac{9}{2}\right)$"
"已知平面向量 $\vec{a}, \vec{b}, \vec{c} (\vec{c} \neq \vec{0})$ 满足 $|\vec{a}| = 1, |\vec{b}| = 2, \vec{a} \cdot \vec{b} = 0, (\vec{a} - \vec{b}) \cdot \vec{c} = 0$。记向量 $\vec{d}$ 在 $\vec{a}$, $\vec{b}$ 方向上的投影分别为 $x, y$, $\vec{d} - \vec{a}$ 在 $\vec{c}$ 方向上的投影为 $z$, 则 $x^2 + y^2 + z^2$ 的最小值为",2
"在区间(0,1)与(1,2)中各随机取1个数,则两数之和大于 $\frac{7}{4}$ 的概率为",$\frac{23}{32}$
"若 $x,y$ 满足约束条件 $\{x-y-1 \ge 0, \, \, \text{则 } z = 1\}$，$x+7y$ 的最大值为",8
"若 $x,y$ 满足约束条件 $\{2x-y \ge 0, y \ge 3\}$，求 $2x + 2y$ 的最大值。",12
"若 $x, y$ 满足约束条件 $\begin{cases} x+y \geqslant -1 , \\ x-y \geqslant -1 , \\ y \geqslant -1 \end{cases}$ 则 $z=2x-y \leqslant 1$ , $x+2y$ 的最大值是",3
"若 $x, y$ 满足约束条件 $\begin{cases} x+y \ge 0, \\ 2x-y \ge 0, \\ x \le 1, \end{cases}$ $x + 2y$ 的最大值为 .",3
"若 $x,y$ 满足约束条件 $\begin{cases} 2x+y-2 \le 0, \\ x-y-1 \ge 0, \\ y+1 \ge 0, \end{cases}$ 则 $x+7y$ 的最大值为",2
"已知 $x,y$ 满足约束条件 $\begin{cases} x+y\geqslant 2 \\ y\geqslant 0 \\ x+2y-3\leqslant 0 \end{cases}$ ,则 $z=y-2x$ 的最大值为",-1
"若实数 x,y 满足约束条件  $\begin{cases} x-3y+1 \leqslant 0 \\ x+y-3 \geqslant 0 \end{cases}$ ,则 z=x+2y 的取值范围是","$[4,+\infty)$"
"若变量 $x,y$ 满足约束条件 $\begin{cases} 2x+3y-6 \ge 0 \\ x+y-3 \le 0 \end{cases}$ , 则 $z=3x-y$ 的最大值是 .",9
"若 $x,y$ 满足约束条件 $\begin{cases} x-2y-2\leqslant 0 \\ x-y+1\geqslant 0 \end{cases}$ ,则 $z=3x+2y$ 的最大值为 .",6
"若 $x,y$ 满足约束条件 $\begin{cases} x+2y-5 \geqslant 0 \\ x-2y+3 \geqslant 0 \end{cases}$，则 $z=x+y$ 的最大值为 .",4
"设 $x,y$ 满足约束条件 $\begin{cases} 2x + 3y - 3 \le 0 \\ 2x - 3y + 3 \ge 0 \end{cases}$ ,则 $z = 2x + y$",3
"设 $x,y$ 满足约束条件 $\begin{cases} x+3y \leqslant 3 \\ x-y \geqslant 1 \end{cases}$ ,则 $z=x+y$",2
"设$x,y$满足约束条件 $\begin{cases} 3x + 2y - 6 \le 0 \\ x \ge 0 \\ y \ge 0 \end{cases}$，则$z=x-y$的取值范围是","[-3, 2]"
"若$x,y$满足约束条件 $x+y-2 \leq 0$，则 $z=3x-4y$ 的最小值为",-10
"若$x,y$满足约束条件，则 $z = x - 2y$ 的最小值为 .",无法确定，因为缺少具体的约束条件
"若 $x, y$ 满足约束条件 $x-2y \leq 0$ 和 $x+2y-2 \leqslant 0$，则 $z = x + y$ 的最大值为",$\frac{3}{2}$
"设 $x, y$ 满足约束条件 $\{x - 2y - 1 \le 0\}$，则 $z = 2x + 3y - 5$ 的最小值为",-7
"若$x$, $y$满足约束条件则 $z = 3x + y$ 的最大值为",需要具体的约束条件才能确定最大值
"若 $x,y$ 满足约束条件 $z = 2x + y$ 的最大值为",无法确定，因为缺少具体的约束条件
"设 $x, y$ 满足约束条件 $z = 2x - y$ 的最大值为",无法确定最大值，因为没有给出具体的约束条件
"设$x,y$满足的约束条件。$x-y-1 \leq 0$，$x - 3y + 3 \ge 0$，则$z=x+2y$的最大值为",7
"设 $x, y$ 满足约束条件 $\{ x + y - 1 \geq 0, y \geq 0 \}$，求 $z = 2x - 3y$ 的最小值。",$-6$
"设$x, y$ 满足约束条件 $\begin{cases} 1 \leq x \leq 3 \\ y = 0 \end{cases}$ 则$z=2x-y$的最大值为_",6
"若变量$x,y$满足 $2x - 3y \leq 9$，则 $x^2 + y^2$的最大值是",\frac{81}{13}
"若 $x,y$ 满足约束条件 $\begin{cases} x-1 \geqslant 0 \\ x-y \leqslant 0 \end{cases}$ , 则 $x+y-4 \leqslant 0$ 时 $\frac{y}{x}$ 的最大值为",3
"已知圆 $C:(x-a)^2+(y-b)^2=1$，设平面区域 $\Omega=\{(x,y) \mid x+y-7 \leq 0, \begin{cases} x-y+7 \geq 0, \\ x-y+7 \geq 0, \end{cases} y \geq 0\}$，若圆心 $C \in \Omega$，且圆 $C$ 与 $x$ 轴相切，则 $a^2 + b^2$ 的最大值为",37
某高科技企业生产产品 A 和产品 B 需要甲、乙两种新型材料。生产一件产品 A 需要甲材料 1.5kg，乙材料 1kg，用 5 个工时；生产一件产品 B 需要甲材料 0.5kg，乙材料 0.3kg，用 3 个工时，生产一件产品 A 的利润为 2100 元，生产一件产品 B 的利润为 900 元。该企业现有甲材料 150kg，乙材料 90kg，则在不超过 600 个工时的条件下，生产产品 A、产品 B 的利润之和的最大值为 _ 元。,216000
"已知 $x,y$ 满足约束条件 $\begin{cases} x-y \ge 0 \\ x+y \le 2 \\ y \ge 0 \end{cases}$，若 $z = ax + y$ 的最大值为4，则 $a=$ ( )",2
"x, y 满足约束条件 $\begin{cases} x + y - 2 \le 0 \\ x - 2y - 2 \le 0 \\ 2x - y \ge 0 \end{cases}$, 若 $z = y - ax$ 取得最大值的最优解不唯一, 则实数 a 的值为",2 或 -1
"若 $x,y$ 满足 $\begin{cases} x+y-2 \ge 0 \\ kx-y+2 \ge 0 \\ y \ge 0 \end{cases}$ 且 $z=y-x$ 的最小值为-4,则 $k$ 的值为",$-\frac{1}{2}$
"设 $x,y$ 满足约束条件 $\begin{cases} x+y \geqslant a \\ x-y \leqslant -1 \end{cases}$ ,且 $z = x + ay$ 的最小值为 7, 则 $a =$",3
"当实数 $x, y$ 满足 $\begin{cases} x + 2y - 4 \le 0, \\ x - y - 1 \le 0, \end{cases}$ 时, $1 \le ax + y \le x \ge 1$ 恒成立, 则实数 $a$ 的取值范围是","$\left[1, 2\right]$"
"若变量 $x,y$ 满足约束条件 $\begin{cases} y \leqslant x \\ x+y \leqslant 4 \\ y \geqslant k \end{cases}$ 且 $z = 2x+y$ 的最小值为-6,则 $k =$",-2
"已知 $a > 0$，$x, y$ 满足约束条件 $\begin{cases} x \ge 1 \\ x + y \le 3 \end{cases}$。若 $z = 2x + y$ 的最小值为 1，则 $a = \begin{cases} x + y \le 3 \\ y \ge a(x - 3) \end{cases}$",$\frac{1}{2}$
"设 $z = kx + y$，其中实数 $x, y$ 满足 $\begin{cases} x \ge 2 \\ x - 2y + 4 \ge 2 \end{cases}$，若 $z$ 的最大值为 12，则实数 $k =$",2
"已知圆锥的底面半径为$\sqrt{2}$,其侧面展开图为一个半圆,则该圆锥的母线长为 ( )",$2\sqrt{2}$
"已知直四棱柱  $ABCD - A_1B_1C_1D_1$  的棱长 均为 2,∠ $BAD = 60^\circ$ . 以  $D_1$  为球心, $\sqrt{5}$  为半径的球面与侧面  $BCC_1B_1$  的交线长为",$\frac{\sqrt{2}}{2}\pi$ .
"北斗三号全球卫星导航系统是我国航天事业的重要成果,在卫星导航系统中,地球静止同步卫星的轨道位于地球赤道所在平面,轨道高度为36000km(轨道高度是指卫星到地球表面的距离).将地球看作是一个球心为O,半径r为6400km的球,其上点A的纬度是指OA与赤道平面所成角的度数.地球表面上能直接观测到一颗地球静止同步轨道卫星点的纬度最大值为$\alpha$,记卫星信号覆盖地球表面的表面积为$S=2\pi r^2(1-\cos\alpha)$ (单位: km$^2$),则S占地球表面积的百分比约为",42%
已知一个圆锥的底面半径为6，其体积为30π，则该圆锥的侧面积为,39π
"已知圆锥的底面半径为 $\sqrt{2}$ , 其侧面展开图为一个半圆, 则该圆锥的母线长为",$2\sqrt{2}$
"已知圆锥展开图的侧面积为 $2\pi$ , 且为半圆, 则底面半径为",1
"已知圆柱的上、下底面的中心分别为  $O_1$ ,  $O_2$ ,过直线  $O_1O_2$ 的平面截该圆柱所得的截面是面积为 8 的正方 形,则该圆柱的表面积为",$12\pi$
"已知圆锥的顶点为S, 母线SA, SB所成角的余弦值为 $\frac{7}{8}$, SA与圆锥底面所成角为 $45^\circ$, 若 $\Delta SAB$ 的面积为 $5\sqrt{15}$, 则该圆锥的侧面积为",$40\sqrt{2}\pi$
"正四棱台的上、下底面的边长分别为2,4,侧棱长为2,则其体积为",$\frac{28}{3}\sqrt{2}$
"已知 A, B, C 是半径为 1 的球 O 的球面上的三个点，且 $AC \perp BC$，$AC = BC = 1$，则三棱锥 O - ABC 的体积为",$\frac{\sqrt{3}}{6}$
两个圆锥的底面是一个球的同一截面，顶点均在球面上，若球的体积为 $\frac{32\pi}{3}$，两个圆锥的高之比为1:3，则这两个圆锥的体积之和为,$8\pi$
"已知正方体 $ABCD - A_1B_1C_1D_1$ 的棱长为 2, $M, N$ 分别为 $BB_1, AB$ 的中点, 则三棱锥 $A - NMD_1$ 的体积为",$\frac{2}{3}$
"已知圆锥的顶点为S, 母线SA, SB互相垂直, SA与圆锥底面所成角为30°. 若$\Delta SAB$的面积为8, 则该圆锥的体积为",8\pi
"已知 A, B, C 为球 O 的球面上的三个点, $\odot O_1$ 为 $\triangle ABC$ 的外接圆. 若 $\odot O_1$ 的面积为 $4\pi$, AB = BC = AC = OO_1$, 则球 O 的表面积为",$64\pi$
"已知 $\Delta ABC$ 是面积为 $\frac{9\sqrt{3}}{4}$ 的等边三角形,且其顶点都在球O的表面上,若球O的表面积为 $16\pi$,则球O到平面 ABC的距离为 ( )",1
"若棱长为 $2\sqrt{3}$ 的正方体的顶点都在同一球面上,则该球的表面积为 ( )",$36\pi$
"已知圆锥的底面半径为1, 母线长为3, 则该圆锥内半径最大的球的体积为",$\frac{4\pi}{3} \left(\frac{\sqrt{2}}{2}\right)^3$
"已知直四棱柱 $ABCD - A_1B_1C_1D_1$ 的棱长均为 2, $\angle BAD = 60^\circ$ ,以 $D_1$ 为球心, $\sqrt{5}$ 为半径的球面与侧面 $BCC_1B_1$ 的交线长为 _.",$\pi$
"已知圆柱的高为1, 它的两个底面的圆周在直径为2的同一个球的球面上, 则该圆柱的体积为( )",$\pi$
已知三棱锥 S-ABC 的所有顶点都在球 O 的球面上，SC 是球 O 的直径。若平面 SCA ⊥ 平面 SCB，SA = AC，SB = BC，三棱锥 S-ABC 的体积为 9，则球 O 的表面积为,36\pi
"长方体的长、宽、高分别为3, 2, 1, 其顶点都在球O的球面上, 则球O的表面积为 .",14\pi
"在封闭的直三棱柱 ABC-$A_1B_1C_1$ 内有一个体积为 V 的球,若 $AB \perp BC$, AB = 6, BC = 8, $AA_1=3$, 则 V 的最大值是",$\frac{9\pi}{2}$
"体积为8的正方体的顶点都在同一球面 上,则该球面的表面积为 )",$12\pi$
"已知$A$,$B$是球$O$的球面上两点, $\angle AOB = 90^\circ$ , $C$为该球面上的动点,若三棱锥$O - ABC$体积的最大值为36,则球$O$的表面积为",$144\pi$
"已知 H 是球 O 的直径 AB 上一点, $AH: HB=1:2$, $AB \perp$ 平面 $\alpha$, H 为垂足, $\alpha$ 截球 O 所得截面的面积为 $\pi$, 则球 O 的表面积为 .",$9\pi$
"已知正四棱锥 O - ABCD 的体积为 $\frac{3\sqrt{2}}{2}$ ,底面边长为 $\sqrt{3}$ ,则以O为球心,OA为半径的球的表面积",12\pi
"已知 $\angle ACB = 90^\circ$，P 为平面 ABC 外一点，PC = 2，点 P 到 $\angle ACB$ 两边 AC, BC 的距离均为 $\sqrt{3}$，那么 P 到平面 ABC 的距离为",$\sqrt{2}$
在正方体 $ABCD - A_1B_1C_1D_1$ 中，E为棱CD的中点，则,$A_1E \perp BC_1$
"已知正方体的棱长为1, 每条棱所在直线与平面 $\alpha$ 所成的角都相等, 则 $\alpha$ 截此正方体所得截面面积的最大值为？",$\frac{3\sqrt{3}}{4}$
"在正方体 $ABCD A_1B_1C_1D_1$ 中, $P$ 为 $B_1D_1$ 的中点, 则直线 $PB$ 与 $AD$ 所成的角为",$\frac{\pi}{2}$
"在长方体 $ABCD A_1B_1C_1D_1$ 中, $AB = BC = 1$, $AA_1 = \sqrt{3}$, 则异面直线 $AD_1$ 与 $DB_1$ 所成角的余弦值为",$\frac{\sqrt{5}}{5}$
"在正方体 $ABCD - A_1B_1C_1D_1$ 中, $E$ 为棱 $CC_1$ 的中点,则异面直线 $AE$ 与 $CD$ 所成角的正切值为 ( )",$\frac{\sqrt{5}}{2}$
"已知直三棱柱 ABC - A_1B_1C_1 中, $\angle ABC = 120^{\circ}$, AB = 2, $BC = CC_1 = 1$, 则异面直线 $AB_1$ 与 $BC_1$ 所成角的余弦值为",$\frac{\sqrt{10}}{5}$
"平面 $\alpha$ 过正方体 $ABCD - A_1B_1C_1D_1$ 的顶点 $A$, $\alpha \parallel$ 平面 $CB_1D_1$, $\alpha \cap$ 平面 $ABCD = m$, $\alpha \cap$ 平面 $ABB_1A_1=n$, 则 $m$、$n$ 所成角的正弦值为",$\frac{\sqrt{3}}{2}$
"在长方体 ABCD - A<sub>1</sub>B<sub>1</sub>C<sub>1</sub>D<sub>1</sub>中, AB= BC = 2,  $AC_1$  与平面  $BB_1C_1C$  所成的角为  $30^\circ$ ,则该长方体的体积",$8\sqrt{2}$
"已知四棱锥 S-ABCD 的底面是正方形,侧棱长均相等,E 是线段 AB 上的点 (不含端点),设 SE 与 BC 所成的角为 $\theta_1$, SE 与平面 ABCD 所成的角为 $\theta_2$, 二面角 S-AB-C 的平面角为 $\theta_3$, 则",$\theta_2 \leq \theta_3 \leq \theta_1$
"若直线 $2x+y-1=0$ 是圆 $(x-a)^2+y^2=1$ 的一条对称轴,则 $a=$",$\frac{1}{2}$
"点 (0,-1) 到直线 y=k(x+1) 距离的最大值为",$\sqrt{2}$
"在平面直角坐标系中,经过三点(0,0),(1,1),(2,0)的圆的方程为",$x^2 + y^2 - 2x = 0$
"已知平行直线 $l_1$: $2x + y - 1 = 0$, $l_2$: $2x + y + 1 = 0$, 则 $l_1$, $l_2$ 的距离",$\frac{2\sqrt{5}}{5}$
"已知点 A(-2,3), B(0,a), 若直线 AB 关于 y=a 的对称直线与圆 $(x+3)^2+(y+2)^2=1$ 存在公共点,则实数 a 的取值范围为","$\left[\frac{1}{3}, \frac{3}{2}\right]$"
"若斜率为 $\sqrt{3}$ 的直线与y 轴交于点A,与圆 $x^2 + (y-1)^2 = 1$ 相切于点 B,则 $|AB| = $.",$\sqrt{3}$
"已知 $\odot M: x^2 + y^2 - 2x - 2y - 2 = 0$ ,直线 $l: 2x + y + 2 = 0$, $P$ 为 $l$ 上的动点,过点 $P$ 作 $\odot M$ 的切线 $PA, PB$, 切点为 $A, B$, 当 $|PM|\cdot|AB|$ 最小时,直线 $AB$ 的方程为",$2x + y + 1 = 0$
"若过点 (2,1) 的圆与两坐标轴都相切, 则圆心到直线 2x-y-3=0 的距离为",$\frac{2\sqrt{5}}{5}$
"已知圆 $x^2 + y^2 - 6x = 0$，过点 (1, 2) 的直线被该圆所截得的弦的长度的最小值为 ( )",2
"设直线 $l: y = kx + b$ ($k > 0$), 圆 $C_1: x^2 + y^2 = 1$, $C_2: (x - 4)^2 + y^2 = 1$, 若直线 $l$ 与 $C_1$, $C_2$ 都相切, 则 $k=$; $b=$",$\frac{\sqrt{3}}{3}$; $-\frac{2\sqrt{3}}{3}$
"已知直线 $x-\sqrt{3}y+8=0$ 和圆 $x^2+y^2=r^2(r>0)$ 相交于 A, B 两点. 若 |AB|=6, 则 r 的值为 .",5
"已知半径为1的圆经过点(3,4)，则其圆心到原点的距离的最小值为 ( )",5 - 1 = 4
"已知圆C的圆心坐标是(0,m),半径长是r. 若直线 2x-y+3=0 与圆C相切于点A(-2,-1),则m=,r=","-2, $\sqrt{5}$"
"直线 $y = x + 1$ 与圆 $x^2 + y^2 + 2y - 3 = 0$ 交于 A, B 两点, 则 $|AB| =$",2\sqrt{2}
"直线 $x+y+2=0$ 分别与 $x$ 轴, $y$ 轴交于 $A$, $B$ 两点, 点 $P$ 在圆 $(x-2)^2+y^2=2$ 上, 则 $\triangle ABP$ 面积的取值范围是","[2, 6]"
"已知集合 $A = \{(x,y) | x^2 + y^2 \le 3, x \in \mathbb{Z}, y \in \mathbb{Z} \}$ ,则 A 中元素的个数为",9
"在平面直角坐标系中,记 $d$ 为点 $P(\cos\theta,\sin\theta)$ 到直线 $x-my-2=0$ 的距离. 当 $\theta,m$ 变化时, $d$ 的最大值为",3
"在矩形 $ABCD$ 中, $AB=1$, $AD=2$, 动点 $P$ 在以点 $C$ 为圆心且与 $BD$ 相切的圆上. 若 $\overrightarrow{AP}=\lambda \overrightarrow{AB}+\mu \overrightarrow{AD}$, 则 $\lambda + \mu$ 的最大值为",3
"已知直线 $l: x - \sqrt{3}y + 6 = 0$ 与圆 $x^2 + y^2 = 12$ 交于 A, B 两点,过 A, B 分别作 l 的垂线与 x 轴交于 C, D 两点,则 $|CD| =$",4
"设直线 $y=x+2a$ 与圆 $C: x^2+y^2-2ay-2=0$ 相交于 $A, B$ 两点, 若 $|AB|=2\sqrt{3}$, 则圆 $C$ 的面积为",4\pi
"圆  $x^2 + y^2 - 2x - 8y + 13 = 0$  的圆心到直 线 ax+y-1=0 的距离为 1,则 a=",$$-\frac{4}{3}$$
"已知三点 $A(1,0)$, $B(0,\sqrt{3})$, $C(2,\sqrt{3})$, 则△ABC外接圆的圆心到原点的距离为",$\frac{\sqrt{21}}{2}$
"过三点 A(1,3), B(4,2), C(1,-7) 的圆交于 y轴于M、N两点,则|MN|=",4\sqrt{6}
"设点 $M(x_0,1)$ , 若在圆 $O:x^2+y^2=1$ 上存在点 N, 使得 $\angle OMN = 45^{\circ}$ , 则 $x_0$ 的取值范围是","$[-\sqrt{2}, \sqrt{2}]$"
"设抛物线  $C: y^2 = 4x$  的焦点为 F, 直线 l 过 F且与C交于A,B两点. 若|AF|=3|BF|,则l的方程为(",$$y = \sqrt{3}(x-1)$$或  $y = -\sqrt{3}(x-1)$
"已知点 A(-1,0); B(1,0); C(0,1), 直线 y= ax + b(a > 0) 将 $\triangle ABC$ 分割为面积相等的两部分,则 b 的取值范围是","$\left(1 - \frac{\sqrt{2}}{2}, \frac{1}{2}\right)$"
"已知椭圆 $C: \frac{x^2}{a^2} + \frac{y^2}{b^2} = 1(a > b > 0)$ 的离心率为 $\frac{1}{3}$, $A_1$, $A_2$ 分别为 $C$ 的左、右顶点, $B$ 为 $C$ 的上顶点. 若 $\overrightarrow{BA_1} \cdot \overrightarrow{BA_2} = -1$, 则 $C$ 的方程为",$\frac{x^2}{9} + \frac{y^2}{8} = 1$
"已知椭圆 C 的焦点为 $F_1(-1,0)$, $F_2(1,0)$, 过 $F_2$ 的直线与 C 交于 A, B 两点. 若 $|AF_2| = 2|F_2B|, |AB| = |BF_1|,$ 则 C 的方程为",$\frac{x^2}{3} + \frac{y^2}{2} = 1$
"设 P 是椭圆 $\frac{x^2}{5} + \frac{y^2}{3} = 1$ 上的动点, 则 P 到该椭圆的两个焦点的距离之和为",$2\sqrt{5}$
"椭圆 $C: \frac{x^2}{a^2} + \frac{y^2}{b^2} = 1 (a > b > 0)$ 的左顶点为A, 点P, Q均在C上, 且关于y轴对称. 若直线AP, AQ的斜率之积为 $\frac{1}{4}$ , 则C的离心率为",$\frac{\sqrt{3}}{2}$
"已知 $F_1$ , $F_2$ 是椭圆 $C: \frac{x^2}{0} + \frac{y^2}{4} = 1$ 的两个焦点,点M在C上,则 $|MF_1|\cdot|MF_2|$ 的最大值为",4
"设*B*是椭圆 $C:\frac{x^2}{5}+y^2=1$ 的上项点,点P在C上,则 |PB| 的最大值为",$\frac{5}{2}$
"设 B 是 椭圆 $C: \frac{x^2}{a^2} + \frac{y^2}{b^2} = 1 (a > b > 0)$ 的上顶点, 若 C 上的任意一点 P 都满足 $|PB| \le 2b$, 则 C 的离心率的取值范围是","\left(0,\frac{\sqrt{2}}{2}\right]"
"已知 $F_1, F_2$ 为椭圆 $C: \frac{x^2}{16} + \frac{y^2}{4} = 1$ 的两个焦点，P, Q 为 C 上关于坐标原点对称的两点，且 $|PQ| = |F_1F_2|$，则四边形 $PF_1QF_2$ 的面积为",8
"已知椭圆 C 的焦点为 $F_1(-1,0)$, $F_2(1,0)$, 过 $F_2$ 的直线与 C 交于 A, B 两点. 若 $|AF_2| = 2|F_2B|$, $|AB| = |BF_1|$，则",$\frac{x^2}{3} + \frac{y^2}{2} = 1$
"设 $F_1$, $F_2$ 为椭圆 $C: \frac{x^2}{36} + \frac{y^2}{20} = 1$ 的两个焦点，$M$ 为 $C$ 上一点且在第一象限。若 $\Delta MF_1F_2$ 为等腰三角形，则 $M$ 的坐标为","$(3,\sqrt{15})$"
"已知椭圆 $\frac{x^2}{a^2} + \frac{y^2}{b^2} = 1$ (a>b>0)的离心率为 $\frac{1}{2}$ ,则",$3a^2 = 4b^2$
"已知椭圆 $\frac{x^2}{9} + \frac{y^2}{5} = 1$ 的左焦点为 F, 点 P 在椭圆上且在 x 轴的上方, 若线段 PF 的中点在以原点 O 为圆心, |OF| 为半径的圆上, 则直线 PF 的斜率是 .",\sqrt{15}
"已知 $F_1$ , $F_2$ 是椭圆 C 的两个焦点, P 是 C 上的一点, 若 $PF_1 \perp PF_2$ , 且 $\angle PF_2F_1 = 60^\circ$ , 则 C 的离心率为 (",$\sqrt{3} - 1$
"已知椭圆 $C: \frac{x^2}{a^2} + \frac{y^2}{4} = 1$ 的一个焦点为 (2, 0)，则 C 的离心率为",$\frac{\sqrt{3}}{2}$
"设$P$是椭圆 $\frac{x^2}{5} + \frac{y^2}{3} = 1$ 上的动点,则$P$到该椭圆的两个焦点的距离之和为",$2\sqrt{5}$
"设A,B是椭圆C:  $\frac{x^2}{3} + \frac{y^2}{m} = 1$ 长轴的两个 端点,若C上存在点M满足∠AMB=120°,则m的取值范围是","$(0,1] \cup [9,+\infty)$"
椭圆 $\frac{x^2}{9} + \frac{y^2}{4} = 1$ 的离心率是,$\frac{\sqrt{5}}{3}$
"已知椭圆 E 的中心为坐标原点，离心率为 $\frac{1}{2}$，E 的右焦点与抛物线 $C: y^2 = 8x$ 的焦点重合，$A, B$ 为准线与 E 的两个交点，则 $|AB|=$",6
"已知椭圆 $C: \frac{x^2}{a^2} + \frac{y^2}{b^2} = 1(a > b > 0)$, 椭圆的上顶点为 $A$, 两个焦点为 $F_1$, $F_2$, 离心率为 $\frac{1}{2}$. 过 $F_1$ 且垂直于 $AF_2$ 的直线与椭圆 $C$ 交于 $D$, $E$ 两点, $|DE|=6$, 则 $\triangle ADE$ 的周长是",13
"已知椭圆 $\frac{x^2}{6} + \frac{y^2}{3} = 1$，直线 $l$ 与椭圆在第一象限交于 $A, B$ 两点，与 $x$ 轴, $y$ 轴分别交于 $M, N$ 两点，且 $|MA| = |NB|, |MN| = 2\sqrt{3}$，则直线 $l$ 的方程为.",$x + \sqrt{2}y - 2\sqrt{2} = 0$
已知椭圆 $C: \frac{x^2}{4} + \frac{y^2}{3} = 1$，直线 $l$ 经过椭圆右焦点 $F$，交椭圆 $C$ 于 $P$，$Q$ 两点（点 $P$ 在第二象限），若 $Q$ 关于 $y$ 轴对称的点为 $Q'$，求直线 $l$ 的方程。,y = -\frac{3}{2}x + 3
"已知点P(0,1),椭圆 $\frac{x^2}{4} + y^2 = m (m > 1)$ 上两点 A, B满足 $\overrightarrow{AP} = 2\overrightarrow{PB}$ , 则当 $m = \_$ 时, 点 B横坐标的绝对值最大.",5
"已知椭圆 $C: \frac{x^2}{a^2} + \frac{y^2}{b^2} = 1(a > b > 0)$ 的左、右顶点分别为 $A_1$ , $A_2$ ,且以线段 $A_1A_2$ 为直径的圆与直线 $bx + ay + 2ab = 0$ 相切,则C的离心率为",\frac{\sqrt{6}}{3}
"直线1经过椭圆的一个顶点和一个焦点, 若椭圆中心到1的距离为其短轴长的 $\frac{1}{4}$ ,则该椭圆的离心率为",$\frac{1}{2}$
"已知 O 为坐标原点, F 是椭圆 $C: \frac{x^2}{a^2} + \frac{y^2}{b^2} = 1 (a > b > 0)$ 的左焦点, A, B 分别为 C 的左,右顶点. P 为 C 上一点, 且 $PF \perp x$ 轴. 过点 A 的直线 l 与线段 PF 交于点 M, 与 y 轴交于点 E. 若直线 BM 经过 OE 的中点, 则 C 的离心率为",$\frac{1}{3}$
"已知椭圆 $\frac{x^2}{a^2} + \frac{y^2}{b^2} = 1(a > b > 0)$ 的右焦点为F(3,0)，过点F的直线交椭圆于A,B两点。若AB的中点坐标为(1,-1)，则椭圆的方程为",$\frac{x^2}{18} + \frac{y^2}{9} = 1$
"若双曲线 $y^2 - \frac{x^2}{m^2} = 1 (m > 0)$ 的渐近线 与圆 $x^2 + y^2 - 4y + 3 = 0$ 相切,则 m =",\frac{\sqrt{3}}{3}
"已知双曲线 $y^2 + \frac{x^2}{m} = 1$ 的渐近线方程为 $y = \pm \frac{\sqrt{3}}{3}x$ , 则 $m$ =",3
"已知 $a, b \in \mathbb{R}, ab > 0$ ,函数 $f(x) = ax^2 + b$ . 若 $f(s-t), f(s), f(s+t)$ 成等比数列,则平面上点 $(s, t)$ 的轨迹是",直线和双曲线
"已知双曲线 $C: \frac{x^2}{a^2} - \frac{y^2}{b^2} = 1(a > 0, b > 0)$ 的一条渐近线方程为 $y = \frac{\sqrt{5}}{2}x$ ,且与椭圆 $\frac{x^2}{12} + \frac{y^2}{3} = 1$ 有公共焦点, 求双曲线的方程.",\frac{x^2}{4} - \frac{y^2}{5} = 1
"已知双曲线 $\frac{x^2}{a^2} - \frac{y^2}{b^2} = 1(a > 0, b > 0)$ 的右焦点为F, 点A在双曲线的渐近线上, $\triangle OAF$ 是边长为2的等边三角形(O为原点), 则双曲线的方程为",$x^2 - \frac{y^2}{3} = 1$
"已知双曲线 $\frac{x^2}{a^2} - \frac{y^2}{b^2} = 1(a > 0, b > 0)$ 的左焦点为F, 离心率为 $\sqrt{2}$ . 若经过F和P(0,4)两点的直线平行于双曲线的一条渐近线, 则双曲线的方程为",$\frac{x^2}{8} - \frac{y^2}{8} = 1$
"已知双曲线过点 $(4,\sqrt{3})$ ,且渐近线方程为 $y=\pm\frac{1}{2}x$ ,则该双曲线的标准方程为 .",$$\frac{x^2}{4} - y^2 = 1$$
"已知双曲线 $C: \frac{x^2}{m} - y^2 = 1 (m > 0)$ 的一条渐近线为 $\sqrt{3}x + my = 0$ ,则C的焦距为",4
"已知双曲线 $C: \frac{x^2}{a^2} - \frac{y^2}{b^2} = 1$ (a>0, b>0) 的左、右焦点 $F_1, F_2$ , 离心率为 $\sqrt{5}$ . P 是 C上的一点, 且 $F_1P \perp F_2P$ . 若 $\Delta PF_1F_2$ 的面积为4, 则 a=",2
"设 O 为坐标原点,直线 x = a 与双曲线 $C: \frac{x^2}{a^2} - \frac{y^2}{b^2} = 1$ (a > 0, b > 0) 的两条渐近线分别交于 D, E 两点,若 △ ODE 的面积为 8,则 C 的焦距的最小值为",16
"已知双曲线 $\frac{x^2}{a^2} - y^2 = 1$ (a>0)的离心率是 $\sqrt{5}$, 求 $a$ 的值。",2
"双曲线 $\frac{x^2}{a^2} - \frac{y^2}{9} = 1(a > 0)$ 的一条渐近线方程为 $y = \frac{3}{5}x$ ,则 $a = ____.$",5
"若双曲线 $x^2 - \frac{y^2}{m} = 1$ 的离心率为 $\sqrt{3}$, 则实数 $m$ 的值为",2
"已知方程 $\frac{x^2}{m^2+n} - \frac{y^2}{3m^2-n} = 1$ 表示双曲线,且该双曲线两焦点间的距离为4,则n的取值范围是","(-1, 3)"
"双曲线C的两个焦点为 $F_1, F_2$，以C的实轴为直径的圆记为D，过$F_1$作D的切线与C的两支交于M, N两点，且 $\cos \angle F_1 N F_2 = \frac{3}{5}$，则C的离心率为",$\frac{\sqrt{13}}{2}$
"记双曲线 $C: \frac{x^2}{a^2} - \frac{y^2}{b^2} = 1(a > 0, b > 0)$ 的离心率为 $e$，写出满足条件“直线 $y = 2x$ 与 $C$ 无公共点”的 $e$ 的值。",$e > \sqrt{5}$
"已知双曲线 $\frac{x^2}{a^2} - \frac{y^2}{b^2} = 1(a > 0, b > 0)$ 的左焦点为F, 过F且斜率为 $\frac{b}{4a}$ 的直线交双曲线于点 $A(x_{1},y_{1})$ , 交双曲线的渐近线于点 $B(x_2, y_2)$ 且 $x_1 < 0 < x_2$ . 若 $|FB| = 3|FA|$ , 则双曲线的离心率是 .",\sqrt{6}
"已知双曲线 $\frac{x^2}{a^2} - \frac{y^2}{b^2} = 1(a > 0, b > 0)$ 的右焦点与抛物线 $y^2 = 2px(p>0)$ 的焦点重合, 抛物线的准线交双曲线于 A, B 两点, 交双曲线的渐近线于 C、D 两点, 若 $|CD| = \sqrt{2}|AB|$ . 则双曲线的离心率为",$\sqrt{2}$
"设双曲线 $C: \frac{x^2}{a^2} - \frac{y^2}{b^2} = 1$ (a>0, b>0)的一条渐近线为 $y = \sqrt{2} x$，则 C 的离心率为 .",\sqrt{3}
"在平面直角坐标系 xOy 中,若双曲线 $\frac{x^2}{a^2} - \frac{y^2}{5} = 1$ (a > 0) 的一条渐近线方程为 $y = \frac{\sqrt{5}}{2}x$,则该双曲线的离心率是",$\frac{3}{2}$
"已知 $F$ 为双曲线 $C: \frac{x^2}{a^2} - \frac{y^2}{b^2} = 1 (a > 0, b > 0)$ 的右焦点，$A$ 为 $C$ 的右顶点，$B$ 为 $C$ 上的点，$B$ 垂直于 $x$ 轴。若 $AB$ 的斜率为 3，则 $C$ 的离心率为",2
"已知双曲线 $C: \frac{x^2}{a^2} - \frac{y^2}{b^2} = 1 (a > 0, b > 0)$ 的左、右焦点分别为 $F_1, F_2$ ,过 $F_1$ 的直线与 C 的两条渐近线分别交于 A, B 两点。若 $\overline{F_1A} = \overrightarrow{AB}$ , $\overline{F_1B} \cdot \overline{F_2B} = 0$ ,则 C 的离心率为",2
"已知抛物线 $y^2 = 4x$ 的焦点为 F , 准线为 l , 若 l 与双曲线 $\frac{x^2}{a^2} - \frac{y^2}{b^2} = 1(a > 0, b > 0)$ 的两条渐近线分别交于点 A 和点 B , 且 |AB| = 4|OF| (O 为原点),则双曲线的离心率为",$\sqrt{5}$
"设 $F$ 为双曲线 $C: \frac{x^2}{a^2} - \frac{y^2}{b^2} = 1 (a > 0, b > 0)$ 的右焦点，$O$ 为坐标原点，以 $OF$ 为直径的圆与圆 $x^2 + y^2 = a^2$ 交于 $P, Q$ 两点。若 $|PQ| = |OF|$，则 $C$ 的离心率为 ( )",$\sqrt{2}$
渐近线方程为 $x \pm y = 0$ 的双曲线的离心率是,$\sqrt{2}$
"双曲线 C: $\frac{x^2}{a^2} - \frac{y^2}{b^2} = 1(a > 0, b > 0)$ 的一条渐近线的倾斜角为130°,则C的离心率为",$\frac{1}{\cos 50^\circ}$
"设 $F_1$ , $F_2$ 是双曲线 $C: \frac{x^2}{a^2} - \frac{y^2}{b^2} = 1$ ($a>0$, $b>0$) 的左,右焦点, O 是坐标原点. 过 $F_2$ 作 C 的一条渐近线的垂线,垂足为 P. 若 $|PF_2| = \sqrt{6}|OP|$ ,则 C 的离心率为",\sqrt{3}
"在平面直角坐标系 xOy 中,若双曲线 $\frac{x^2}{a^2} - \frac{y^2}{b^2} = 1$ (a>0,b>0) 的右焦点 F(c,0) 到一条渐近线的距离为 $\frac{\sqrt{3}}{2}c$ ,则其离心率的值是 .",2
"若双曲线 $C: \frac{x^2}{a^2} - \frac{y^2}{b^2} = 1 (a > 0, b > 0)$ 的一条渐近线被圆 $(x-2)^2 + y^2 = 4$ 所截得的弦长为 2, 则 $C$ 的离心率",$\frac{2\sqrt{3}}{3}$
若 $a > 1$，则双曲线 $\frac{x^2}{a^2} - y^2 = 1$ 的离心率的取值,"$(1,\sqrt{2})$"
"已知 $F_1$ , $F_2$ 是双曲线 $E: \frac{x^2}{a^2} - \frac{y^2}{b^2} = 1$ 的左、右焦点, 点M在E上, $MF_1$ 与x轴垂直, $\sin \angle MF_2F_1 = \frac{1}{3}$ , 则E的离心率为",$\frac{\sqrt{10}}{3}$
"点 (3,0) 到双曲线 $\frac{x^2}{16} - \frac{y^2}{9} = 1$ 的一条渐近线的距离",$\frac{9}{5}$
"已知双曲线 $\frac{x^2}{a^2} - \frac{y^2}{b^2} = 1(a > 0, b > 0)$ 的离心率为2,则该双曲线的渐近线方程为",$y = \pm \sqrt{3}x$
"已知双曲线 $C: \frac{x^2}{6} - \frac{y^2}{3} = 1$ , 则 $C$ 的右焦点是 $_{---}$ ; $C$ 的焦点到其渐近线的距离是 $_{----}$ .","(3,0), \sqrt{3}"
"在平面直角坐标系 xOy 中,若双曲线 $x^2 - \frac{y^2}{t^2} = 1$ (b>0) 经过点(3,4),则该双曲线的渐近线方程是 _.",$y = \pm 2x$
"双曲线 $\frac{x^2}{a^2} - \frac{y^2}{b^2} = 1(a > 0, b > 0)$ 的离心率为 $\sqrt{3}$, 则其渐近线方程为",$y = \pm \sqrt{2}x$
"已知双曲线 $C: \frac{x^2}{a^2} - \frac{y^2}{b^2} = 1(a > 0, b > 0)$ 的离心率为 $\sqrt{2}$, 则点(4,0)到C的渐近线的距离为",2\sqrt{2}
"已知 $F$ 是双曲线 $C: x^2 - my^2 = 3m$ ($m > 0$) 的一个焦点, 则点 $F$ 到 $C$ 的一条渐近线的距离为",$\frac{\sqrt{3m}}{\sqrt{1 + m}}$
"设双曲线 $\mathbf{x}^2 - \frac{y^2}{3} = 1$ 的左、右焦点分别为 $\mathbf{F}_1$ , $\mathbf{F}_2$ . 若点P 在双曲线上,且△F_1PF_2 为锐角三角形,则 $|PF_1| + |PF_2|$ 的取值范围是","$(2\sqrt{7},8)$"
"过双曲线 $x^2 - \frac{y^2}{3} = 1$ 的右焦点且与 x 轴垂直的直线, 交该双曲线的两条渐近线于 A, B 两点, 则 $|AB|=$(",$4\sqrt{3}$
"若双曲线 $E: \frac{x^2}{0} - \frac{y^2}{16} = 1$ 的左、右焦点分别为 $F_1$ , $F_2$ , 点 P 在双曲线 E 上, 且 $|PF_1| = 3$ , 则 $|PF_2|$ 等于",5
在平面直角坐标系 xOy 中，P 是曲线 $y = x + \frac{4}{x} (x > 0)$ 上的一个动点，则点 P 到直线 $x + y = 0$ 的距离的最小值是,2\sqrt{2}
"设 $F_1, F_2$ 是双曲线 $C: x^2 - \frac{y^2}{3} = 1$ 的两个焦点, O为坐标原点, 点P在C上且 $|OP|=2$, 则 $\triangle PF_1F_2$ 的面积为",3
"双曲线 C: $\frac{x^2}{4} - \frac{y^2}{2} = 1$ 的右焦点为 F, 点 P 在 C 的一条渐近线上, O 为坐标原点, 若 |PO| = |PF|, 则 $\triangle PFO$ 的面积为",$\frac{3\sqrt{2}}{4}$
"已知 F 是双曲线 C: $\frac{x^2}{4} - \frac{y^2}{5} = 1$ 的一个焦点, 点 P 在 C 上, O 为坐标原点, 若 |OP| = |OF| , 则 $\triangle OPF$ 的面积",$\frac{5}{2}$
"已知双曲线 $C: \frac{x^2}{3} - y^2 = 1$，O 为坐标原点，F 为 C 的右焦点，过 F 的直线与 C 的两条渐近线的交点分别为 M, N。若 $\triangle OMN$ 为直角三角形，则 |MN| =",3
"已知 F 是双曲线 C: $x^2 - \frac{y^2}{3} = 1$ 的右焦点, P 是 C 上一点, 且 PF 与 x 轴垂直, 点 A 的坐标是 (1,3), 则 $\triangle APF$ 的面积为",$\frac{3}{2}$
"已知 $F$ 是双曲线 $C: x^2 - \frac{y^2}{8} = 1$ 的右焦点, $P$ 是 $C$ 左支上一点, $A(0,6\sqrt{6})$ ,当 $\Delta APF$ 周长最小时,该三角形的面积为",12\sqrt{6}
双曲线 $\frac{x^2}{4} - \frac{y^2}{5} = 1$ 的右焦点到直线 $x + 2y - 8 = 0$ 的距离为,$\sqrt{5}$
"已知点O(0,0),A(-2,0),B(2,0). 设点P满足 $|PA| - |PB| = 2$，且 P 为函数 $y = 3\sqrt{4-x^2}$ 图像上的点，则 $|OP| = ($",$\sqrt{10}$
双曲线 $\frac{x^2}{3} - y^2 = 1$ 的焦点坐标是 (,"(-2,0),(2,0)"
"在平面直角坐标系 xOy 中, 若双曲线 $\frac{x^2}{a^2} - \frac{y^2}{5} = 1$ (a>0) 的一条渐近线方程为 $y=\frac{\sqrt{5}}{2}x$ ,则该双曲线的离心率是",$\frac{3}{2}$
"在平面直角坐标系 xOy 中,双曲线 $\frac{x^2}{3}-y^2=1$ 的右准线与它的两条渐近线分别交于点 P, Q, 其焦点是 $F_1$, $F_2$, 则四边形 $F_1PF_2Q$ 的面积是 .",2\sqrt{3}
"已知 O 为坐标原点, 抛物线 $C: y^2 = 2px$ (p>0) 的焦点为 F, P 为 C 上一点, PF 与 x 轴垂直, Q 为 x 轴上 一点, 且 $PQ \perp OP$, 若 $|FQ| = 6$, 则 C 的准线方程为 .",$x = -\frac{3}{2}$
"设 $F$ 为抛物线 $C\colon y^2=4x$ 的焦点, 曲线 $y=\frac{k}{x} (k>0)$ 与 $C$ 交于点 $P$, $PF \perp x$ 轴, 则 $k=$",2
"已知 A 为抛物线 $C: y^2 = 2px (p > 0)$ 上一点, 点 A 到 C 的焦点的距离为 12, 到 y 轴的距离为 9, 则 p = (",6
"设若抛物线 $y^2 = 2px (p > 0)$ 的焦点是椭圆 $\frac{x^2}{3p} + \frac{y^2}{p} = 1$ 的一个焦点, 则 $p=$",2
"设以抛物线 $C$ 的顶点为圆心的圆交 $C$ 于 $A$ , $B$ 两点, 交 $C$ 的准线于 $D$ , $E$ 两点. 已知 $|AB| = 4\sqrt{2}$ , $|DE| = 2\sqrt{5}$ , 则 $C$ 的焦点到准线的距离为",4
"设 O 为坐标原点, F 为抛物线 $C: y^2 = 4\sqrt{2}x$ 的焦点, P 为 C 上一点, 若 $|PF| = 4\sqrt{2}$, 则 $\Delta POF$ 的面积为",4
"设 O 为坐标原点,直线 x=2 与抛物线 $C:y^2=2px(p>0)$ 交于 D,E 两点,若 $OD \perp OE$,则 C 的焦点坐标","$\left(1, 0\right)$"
"斜率为 $\sqrt{3}$ 的直线过抛物线 $C: y^2 = 4x$ 的焦点,且与 C 交于 A, B 两点,则 $|AB| = \underline{\hspace{1cm}}.$",$\frac{16}{3}$
设抛物线 $y^2 = 4x$ 的焦点为 $F$，准线为 $l$。则以 $F$ 为圆心，且与 $l$ 相切的圆的方程为,$(x-1)^2 + y^2 = 4$
"两个非零向量 $e_1$, $e_2$ 不共线，若 $(ke_1 + e_2) // (e_1 + ke_2)$，则实数 $k$ 的值为",$\pm 1$
从单词“education”中选取 5 个不同的字母排成一排，则含“at”（“at”相连且顺序不变）的概率为（ ）,$\frac{1}{18}$
已知正二十面体的各面都是正三角形，那么它的顶点数为,12
已知 $(x+1)^6(ax-1)^2$ 的展开式中，$x^3$ 系数为 56，则实数 $a$ 的值为,6 或 -1
函数 $y = \cos^2 \frac{x}{2} - 1$ 的最小正周期是,$4\pi$
抛物线 $(x - 2)^2 = 2(y - m + 2)$ 的焦点在 $x$ 轴上，则实数 $m$ 的值为,$\frac{3}{2}$
某县农民均收入服从 $\mu = 500$ 元，$\sigma = 20$ 元的正态分布，则此县农民年均收入在 500 元到 520 元间人数的百分比为,0.3415
$\lim_{x \to 1} \frac{x + x^2 + \dots + x^n - n}{x - 1} = $,$\frac{n(n+1)}{2} - n$
正方体的全面积为 24，球 O 与正方体的各棱均相切，球 O 的体积是,$\frac{8\sqrt{2}}{3}\pi$
已知圆 O 的半径为 $\sqrt{3}$，圆周上两点 A、B 与原点 O 恰构成正三角形，向量 $\vec{OA}$ 与 $\vec{OB}$ 的数量积是,$\frac{3}{2}$
已知 $\tan(\alpha - \frac{\pi}{3}) = -\frac{\sqrt{3}}{5}$，则 $\tan\alpha = $ ________；$\frac{\sin\alpha \cos\alpha}{3\cos^2\alpha - 2\sin^2\alpha} = $ ________.,"$\frac{2\sqrt{3}}{11}$ , $\frac{2\sqrt{3}}{13}$"
将边长为 1 的正三角形 ABC 沿高 AD 折叠成直二面角 B-AD-C，则直线 AC 与直线 AB 所成角的余弦值是 ________.,$\frac{1}{4}$
"满足条件 $\varnothing \subsetneq M \subsetneq \{0, 1, 2\}$ 的集合共有",6
等差数列 $\{a_n\}$ 中，若 $a_1 + a_4 + a_7 = 39$，$a_3 + a_6 + a_9 = 27$，则前 9 项的和 $S_9$ 等于（ ）,99
已知 $(2^x - \frac{\sqrt{2}}{2})^9$ 展开式的第 7 项为 $\frac{21}{4}$，则实数 $x$ 的值是,$-\frac{1}{3}$
已知 $(2^x - \frac{\sqrt{2}}{2})^9 (x \in \mathbb{R})$ 展开式的第 7 项为 $\frac{21}{4}$，则 $\lim_{n \to \infty}(x + x^2 + \dots + x^n)$ 的值为,-\frac{1}{4}
已知复数 $z = 1 - i$，则 $|z^3| = $,$2\sqrt{2}$
已知等差数列 $\{a_n\}$ 的前 $n$ 项和为 $S_n$，且 $\frac{S_4}{S_8} = \frac{1}{3}$，那么 $\frac{S_8}{S_{16}} = $,$\frac{3}{10}$
若半径为 $R$ 的球与正三棱柱的各个面都相切，则球与正三棱柱的体积比为,$\frac{2\sqrt{3}}{27}\pi$
"如果以原点为圆心的圆经过双曲线 $\frac{x^2}{a^2} - \frac{y^2}{b^2} = 1 (a > 0, b > 0)$ 的焦点，而且被该双曲线的右准线分成弧长为 $2:1$ 的两段圆弧，那么该双曲线的离心率 $e$ 等于（ ）",$\sqrt{2}$
$(x^3 - \frac{1}{2x^2})^{10}$ 展开式中的常数项为,$\frac{105}{32}$
"若不等式 $|x^2 - 8x + a| \le x - 4$ 的解集为 $[4, 5]$，则实数 $a$ 的值等于",16
已知数列 $\{a_n\}$ 前 $n$ 项和为 $S_n = 1 - 5 + 9 - 13 + 17 - 21 + \dots + (-1)^{n-1}(4n - 3)$，则 $S_{15} + S_{22} - S_{31}$ 的值是,-76
在含有 30 个个体的总体中，抽取一个容量为 5 的样本，则个体 $a$ 被抽到的概率为,$\frac{1}{6}$
函数 $y = \sqrt{x - 4} + \sqrt{15 - 3x}$ 的值域是,"$[1, 2]$"
函数 $f(x)$ 与 $g(x) = (\sqrt{7} - \sqrt{6})^x$ 图像关于直线 $x - y = 0$ 对称，则 $f(4 - x^2)$ 的单调增区间是,"$(0, 2)$"
"等比数列 $\{a_n\}$ 的前 $n$ 项和为 $S_n$，且某连续三项正好为等差数列 $\{b_n\}$ 中的第 1, 5, 6 项，则 $\lim_{n \to \infty} \frac{S_{n+2}}{na_1} =$",1
若 $\lim_{n \to -\infty} (\sqrt{x^2 - x + 1} + x - k) = 1$，则 $k = $,$\frac{1}{2}$
有 30 个顶点的凸多面体，它的各面多边形内角总和是,$10080^\circ$
"满足 $A \cup B = \{a, b\}$ 的集合 $A$、$B$ 的组数有",9
函数 $y = \cos 2x$ 的图象的一个对称中心为,"$\left(\frac{\pi}{4}, 0\right)$"
若关于 $x$ 的不等式 $|x - 2| + |x - a| \ge a$ 在 $R$ 上恒成立，则 $a$ 的最大值为,1
$\lim_{x \to 0} \frac{\sqrt{1 + x} - 1}{x} = $,$\frac{1}{2}$
等差数列 $\{a_n\}$ 中，若 $a_7 = a_5 - 2$，则 $a_{17} - a_{15} = $,-2
"若实数 $x, y$ 满足 $x + 2y = 1$ 且 $x \le 0$，则 $x^2 + y^2$ 的最小值为",$\frac{1}{4}$
"若 $f(x)$ 是以 5 为周期的奇函数，且 $f(-3) = 1, \tan\alpha = 2$，则 $f(20 \sin\alpha \cos\alpha) = $",-1
"若关于 $x$ 的不等式 $-\frac{1}{2}x^2 + 2x > mx$ 的解集为 $(0, 2)$，则实数 $m$ 的值为",1
"设集合 $M = \{2m-1, m-3\}$ ,若 $-3 \in M$ ,则实数 $m$ =",0 或 -1
"知集合 $A = \{1, a, b\}$ , $B = \{a^2, a, ab\}$ ,若 $A = B$,则 $a^{2023} + b^{2022} =$",-1
"已知集合 $A = \{x | x^2 - 2 < 0\}$ ,且 $a \in A$ ,则 a 可以为",$-\sqrt{2} < a < \sqrt{2}$
"已知集合 $\mathbf{A} = \left\{x \middle| ax^2 - 3x + 2 = 0\right\}$ 的元素只有一个,则实数 $a$ 的值为",$\frac{9}{8}$
"已知集合 $A = \left\{ (x,y) \middle| \frac{x^2}{4} + \frac{y^2}{2} \le 1, x \in \mathbb{Z}, y \in \mathbb{Z} \right\}$ ,则 A 中元素的个数为",9
"已知 A(-2,4),C(-3,-4),且 $\overrightarrow{CM} = 3\overrightarrow{CA}$ ,则点 M 的坐标为 .","(0,20)"
"已知函数 $f(x) = \sin(\omega x + \varphi) \left(\omega > 0, |\varphi| \leq \frac{\pi}{2}\right)$, $x = -\frac{\pi}{8}$ 是函数 $f(x)$ 的一个零点, $x = \frac{\pi}{8}$ 是函数 $f(x)$ 的一条对称轴,若 $f(x)$ 在区间 $\left(\frac{\pi}{5}, \frac{\pi}{4}\right)$ 上单调,则 $\omega$ 的最大值是",14
"若直线 $x = \frac{\pi}{4}$ 是曲线 $y = \sin\left(\omega x - \frac{\pi}{4}\right)(\omega > 0)$ 的一条对称轴,且函数 $y = \sin\left(\omega x - \frac{\pi}{4}\right)$ 在区间 $\left[0, \frac{\pi}{12}\right]$ 上不单调,则 $\omega$ 的最小值为",11
"已知函数 $f(x) = \sin(\omega x + \varphi)(\omega > 0)$ 的一个对称中心为 $\left(-\frac{\pi}{3}, 0\right)$, $f(x)$ 在区间 $\left(\frac{5\pi}{6}, \pi\right)$ 上不单调, 则 $\omega$ 的最小正整数值为",2
"已知函数 $f(x) = 2\sin(\omega x + \varphi)(\omega > 0)$ 在 $x = \frac{\pi}{3}$ 处取得最大值,且 $f(\pi) = 0$ ,若函数 $f(x)$ 在 $\left(\frac{\pi}{3}, \frac{5\pi}{12}\right)$ 上是单调的,则 $\omega$ 的最大值为",$\frac{15}{2}$
"对于集合 $A, B$，定义 $A - B = \{x | x \in A$ 且 $x \notin B\}$。若 $A = \{x | x = 2k + 1, k \in \mathbb{N}\}$，$B = \{x | x = 3k + 1, k \in \mathbb{N}\}$，将集合 $A - B$ 中的元素从小到大排列得到数列 $\{a_n\}$，则 $a_7 + a_{30} = $",110
"若关于x的不等式 $x^2 + bx + c \ge 0 (b > 1)$ 的解集为R,则 $\frac{1+2b+4c}{b-1}$ 的最小值为",8
"已知x>0, y>0, 满足 $x^2+2xy-2=0$ ,则2x+y的最小值是",$\sqrt{6}$
"设 $a>0, b>0$，若 $a^2 + b^2 - \sqrt{3}ab = 1$，则 $\sqrt{3}a^2 - ab$ 的最大值为",$2 + \sqrt{3}$
不等式 $10^x - 6^x - 3^x \ge 1$ 的解集为,"$[1,+\infty)$"
函数 $f(x) = \sqrt{3^{x^2+2ax-a}-1}$ 的定义域为 $\mathbb{R}$，则实数 $a$ 的取值范围,"[-1,0]"
"已知函数 $f(x) = 4^x - 2^{x+2} - 1, x \in [0,3]$ ,则其值域为","[-5, 31]"
"$f(x) = a^{x-4} + 1 (a > 0 \text{ 且 } a \ne 1)$ 的图象恒过定点 A, 若点 A 的坐标满足关于 x, y 的方程 mx + ny = 4 (m > 0, n > 0), 则 $\frac{1}{m} + \frac{2}{n}$ 的最小值为",4
"已知不等式 $4^x - a \cdot 2^x + 2 > 0$ ,对于 $a \in (-\infty, 3]$ 恒成立,则实数 x 的取值范围是","$(-\infty, 0) \cup (1, +\infty)$"
"若 $x \in [-1, +\infty)$, 不等式 $4^x - m \cdot 2^x + 1 > 0$ 恒成立, 则实数 $m$ 的取值范围是","$(-\infty, 2)$"
"已知函数 $f(x) = \begin{cases} x \ln x, & x > 0 \\ 2x + 4e, & x \leq 0 \end{cases}$ ,若 $x_1 \neq x_2$ 且 $f(x_1) = x \neq 0$",若 $x_1 \neq x_2$ 且 $f(x_1) = f(x_2) = x \neq 0$，则 $x_1$ 和 $x_2$ 分别位于 $x > 0$ 和 $x \leq 0$ 的区间内。
盲盒是一种深受大众喜爱的玩具，某盲盒生产厂商要为棱长为2cm的正四面体魔方设计一款正方体的包装盒，需要保证该魔方可以在包装盒内任意转动，则包装盒的棱长最短为,4
"我们知道立体图形上的最短路径问题通常是把立体图形展开成平面图形,连接两点,根据两点之间线段最短确定最短路线.请根据此方法求函数 $f(x,y) = \sqrt{x^2 - \sqrt{3}x + 1} + \sqrt{y^2 - \sqrt{3}y + 1} + \sqrt{x^2 - \sqrt{3}xy + y^2} (x > 0, y > 0)$ 的最小值",2
"若三点 A(0,8), B(-4,0), C(m,-4) 共线,则实数 m 的值是",-6
"若三点M(2,2),N(a,0),Q(0,b), $(ab \neq 0)$ 共线,则 $\frac{1}{a} + \frac{1}{b}$ 的值为",$\frac{1}{2}$
"已知点 A(1,3),B(-2,-1). 若直线 l:y=k(x-2)+1 与线段 AB 相交,则k的取值范围是",$-2 \le k \le \frac{1}{2}$
"已知 A(2,0), B(0,2), 若直线 y = k(x+2) 与线段 AB 有公共点, 则 k 的取值范围是","$[0,1]$"
"经过点 P(-1,0) 且倾斜角为 60° 的直线的方程是",$\sqrt{3}x - y + \sqrt{3} = 0$
曲线 $y=2-\frac{1}{2}x^2$ 与 $y=\frac{1}{4}x^3-2$ 在交点处切线的夹角是,$\arctan\left(\frac{3}{2}\right)$
等腰三角形两腰所在直线的方程分别为$x+y-2=0$与$x-7y-4=0$，原点在等腰三角形的底边上，则底边所在直线的斜率为,3
"若实数 $a$、$b$、$c$ 成等差数列,则直线 $ax + by + c = 0$ 必经过一个定点,则该定点坐标为","(-1, 2)"
"已知直线 $l_1: x + y = 0, l_2: ax + by + 1 = 0$ , 若 $l_1 \perp l_2$ , 则 $a + b =$",0
"若三条直线 $l_1$: 4x + y = 3, $l_2$: mx + y = 0, $l_3$: x - my = 2 不能围成三角形,则实数m的取值最多有",3
"若点 P(x,y) 在直线 2x + y - 5 = 0 上, O 是原点,则 OP 的最小值为",$\sqrt{5}$
"已知点 $P(x_0, y_0)$ 在直线 3x - 4y - 10 = 0 上, 则 $\sqrt{x_0^2 + y_0^2}$ 的最小值为",2
"已知点 P(a,2)、A(-2,-3)、B(1,1), 且 |PA| = |PB|, 则 a =",$-\frac{9}{2}$
"已知点 A(2,1), B(3,4), C(-2,-1)，则 $\triangle ABC$ 的面积为",5
"已知平面上点 P(3,3) 和直线 l:2y+3=0,点 P 到直线 l 的距离为 d,则 d=",\frac{9}{2}
"点 (0,-1) 到直线 y=k(x+2) 的距离的最大值是",$\sqrt{5}$
"若点 P(3,1) 到直线 l:3x+4y+a=0 (a>0) 的距离为3,则a=",10
求 $\sqrt{(x-9)^2+4}+\sqrt{x^2+y^2}+\sqrt{(y-3)^2+9}$ 的最小值所属区间为,"(12,13]"
"已知 $x, y \in \mathbb{R}^+$, 满足 $2x + y = 2$, 则 $x + \sqrt{x^2 + y^2}$ 的最小值为",$\frac{4}{5}$
"在平面直角坐标系 xOy 中,已知点 A(0,-2),点 B(1,0),P 为直线 2x-4y+3=0 上一动点,则 |PA|+|PB| 的最小值是 ( )",4
